Time,T° 600,B2,B3,B4,B5,B6,B7,B8,B9,B10,B11,C2,C3,C4,C5,C6,C7,C8,C9,C10,C11,D2,D3,D4,D5,D6,D7,D8,D9,D10,D11,E2,E3,E4,E5,E6,E7,E8,E9,E10,E11,F2,F3,F4,F5,F6,F7,F8,F9,F10,F11,G2,G3,G4,G5,G6,G7,G8,G9,G10,G11
0:04:16,36.9,0.103,0.101,0.101,0.102,0.101,0.09,0.095,0.096,0.094,0.09,0.104,0.099,0.103,0.098,0.097,0.098,0.1,0.098,0.097,0.099,0.1,0.099,0.097,0.098,0.097,0.099,0.099,0.099,0.108,0.102,0.112,0.102,0.105,0.098,0.097,0.1,0.101,0.114,0.106,0.101,0.111,0.108,0.108,0.106,0.106,0.117,0.103,0.106,0.107,0.104,0.103,0.109,0.11,0.104,0.103,0.101,0.105,0.102,0.102,0.102
0:09:16,37,0.103,0.101,0.101,0.102,0.101,0.09,0.095,0.096,0.094,0.089,0.104,0.099,0.103,0.098,0.097,0.098,0.1,0.098,0.097,0.099,0.099,0.098,0.097,0.098,0.097,0.098,0.099,0.099,0.108,0.102,0.112,0.102,0.105,0.098,0.097,0.1,0.102,0.114,0.106,0.101,0.112,0.108,0.108,0.106,0.106,0.116,0.103,0.106,0.107,0.105,0.103,0.109,0.11,0.104,0.104,0.101,0.105,0.103,0.103,0.103
0:14:16,37,0.103,0.102,0.101,0.102,0.101,0.09,0.095,0.096,0.094,0.089,0.105,0.1,0.103,0.098,0.097,0.098,0.1,0.099,0.097,0.099,0.1,0.099,0.097,0.098,0.098,0.099,0.099,0.1,0.108,0.102,0.113,0.103,0.105,0.098,0.097,0.101,0.102,0.115,0.106,0.101,0.112,0.108,0.109,0.107,0.107,0.117,0.103,0.107,0.108,0.105,0.104,0.11,0.111,0.105,0.105,0.102,0.106,0.104,0.104,0.104
0:19:16,36.9,0.105,0.103,0.103,0.103,0.103,0.09,0.095,0.096,0.094,0.09,0.105,0.101,0.104,0.099,0.098,0.099,0.101,0.099,0.097,0.1,0.101,0.1,0.098,0.099,0.099,0.1,0.1,0.1,0.109,0.103,0.113,0.104,0.106,0.099,0.098,0.102,0.103,0.116,0.107,0.102,0.114,0.11,0.11,0.108,0.107,0.118,0.104,0.108,0.108,0.107,0.106,0.111,0.112,0.107,0.106,0.103,0.107,0.105,0.105,0.106
0:24:16,37,0.106,0.104,0.104,0.105,0.104,0.09,0.096,0.096,0.094,0.09,0.107,0.102,0.106,0.1,0.099,0.1,0.102,0.1,0.098,0.101,0.102,0.101,0.1,0.1,0.1,0.101,0.101,0.101,0.11,0.104,0.115,0.105,0.107,0.1,0.099,0.103,0.104,0.117,0.109,0.104,0.116,0.112,0.112,0.11,0.108,0.119,0.106,0.109,0.11,0.108,0.107,0.113,0.115,0.109,0.108,0.105,0.109,0.107,0.107,0.108
0:29:16,37,0.108,0.107,0.106,0.106,0.106,0.091,0.096,0.096,0.095,0.09,0.109,0.104,0.108,0.102,0.101,0.101,0.103,0.101,0.098,0.102,0.104,0.103,0.101,0.102,0.101,0.102,0.102,0.102,0.11,0.106,0.117,0.107,0.109,0.102,0.101,0.105,0.105,0.118,0.109,0.105,0.119,0.114,0.114,0.112,0.11,0.122,0.107,0.109,0.109,0.11,0.11,0.115,0.117,0.111,0.11,0.107,0.11,0.107,0.106,0.11
0:34:16,37,0.111,0.109,0.108,0.109,0.107,0.091,0.096,0.096,0.094,0.091,0.111,0.106,0.11,0.104,0.102,0.101,0.103,0.099,0.097,0.104,0.107,0.105,0.103,0.104,0.103,0.103,0.102,0.101,0.108,0.108,0.119,0.109,0.111,0.103,0.102,0.106,0.106,0.117,0.106,0.108,0.121,0.117,0.117,0.114,0.113,0.123,0.106,0.106,0.105,0.113,0.112,0.118,0.119,0.113,0.112,0.107,0.108,0.103,0.101,0.112
0:39:16,37,0.113,0.111,0.111,0.111,0.107,0.09,0.094,0.094,0.091,0.092,0.113,0.108,0.112,0.105,0.102,0.099,0.099,0.094,0.093,0.106,0.108,0.107,0.105,0.105,0.103,0.102,0.099,0.096,0.103,0.111,0.121,0.111,0.113,0.105,0.102,0.103,0.102,0.112,0.101,0.11,0.124,0.119,0.119,0.116,0.112,0.118,0.102,0.101,0.1,0.116,0.115,0.121,0.123,0.116,0.112,0.103,0.104,0.097,0.096,0.116
0:44:16,37,0.117,0.114,0.113,0.112,0.106,0.089,0.092,0.093,0.09,0.093,0.116,0.111,0.115,0.107,0.1,0.096,0.095,0.091,0.091,0.109,0.111,0.109,0.107,0.107,0.102,0.098,0.095,0.092,0.1,0.113,0.124,0.113,0.116,0.107,0.102,0.1,0.098,0.108,0.099,0.112,0.127,0.123,0.123,0.118,0.111,0.114,0.097,0.097,0.098,0.119,0.118,0.125,0.126,0.117,0.109,0.099,0.1,0.094,0.094,0.119
0:49:16,37,0.121,0.117,0.116,0.113,0.103,0.088,0.092,0.093,0.09,0.094,0.119,0.115,0.118,0.107,0.098,0.094,0.093,0.091,0.09,0.111,0.113,0.112,0.109,0.108,0.1,0.095,0.093,0.091,0.099,0.116,0.127,0.116,0.118,0.108,0.099,0.097,0.096,0.107,0.098,0.116,0.131,0.127,0.126,0.118,0.107,0.11,0.096,0.096,0.097,0.123,0.121,0.128,0.128,0.118,0.107,0.096,0.098,0.093,0.093,0.123
0:54:16,36.9,0.124,0.121,0.119,0.111,0.1,0.087,0.091,0.092,0.089,0.094,0.123,0.118,0.121,0.106,0.095,0.093,0.093,0.09,0.09,0.114,0.116,0.114,0.111,0.107,0.097,0.093,0.091,0.091,0.099,0.119,0.13,0.119,0.121,0.108,0.097,0.095,0.094,0.107,0.098,0.119,0.136,0.13,0.129,0.117,0.104,0.109,0.095,0.096,0.096,0.127,0.125,0.132,0.132,0.118,0.104,0.095,0.097,0.093,0.093,0.128
0:59:16,37,0.13,0.124,0.122,0.111,0.098,0.087,0.091,0.092,0.089,0.096,0.127,0.122,0.123,0.107,0.094,0.092,0.092,0.09,0.089,0.118,0.119,0.118,0.113,0.106,0.095,0.092,0.091,0.09,0.098,0.124,0.134,0.122,0.123,0.106,0.095,0.094,0.094,0.106,0.097,0.124,0.14,0.135,0.132,0.116,0.102,0.108,0.094,0.096,0.096,0.132,0.13,0.137,0.135,0.116,0.102,0.094,0.096,0.093,0.092,0.133
1:04:16,37,0.134,0.127,0.123,0.11,0.097,0.087,0.091,0.092,0.089,0.097,0.13,0.124,0.125,0.106,0.093,0.092,0.092,0.09,0.089,0.122,0.124,0.122,0.116,0.105,0.094,0.091,0.091,0.09,0.098,0.128,0.139,0.126,0.125,0.105,0.094,0.093,0.093,0.106,0.097,0.129,0.143,0.138,0.135,0.115,0.101,0.107,0.094,0.095,0.096,0.137,0.134,0.14,0.137,0.115,0.101,0.093,0.096,0.092,0.092,0.137
1:09:16,37,0.137,0.13,0.125,0.109,0.096,0.087,0.091,0.092,0.089,0.099,0.133,0.126,0.126,0.105,0.092,0.091,0.091,0.089,0.089,0.126,0.127,0.124,0.118,0.105,0.094,0.091,0.09,0.09,0.097,0.132,0.143,0.129,0.127,0.105,0.093,0.092,0.093,0.106,0.097,0.133,0.147,0.14,0.136,0.115,0.1,0.105,0.093,0.095,0.096,0.141,0.137,0.143,0.139,0.114,0.1,0.093,0.095,0.092,0.092,0.142
1:14:16,37,0.14,0.133,0.125,0.108,0.096,0.086,0.09,0.092,0.089,0.101,0.136,0.129,0.127,0.105,0.092,0.091,0.091,0.089,0.089,0.129,0.13,0.127,0.12,0.104,0.093,0.09,0.09,0.089,0.097,0.136,0.146,0.132,0.129,0.104,0.093,0.092,0.092,0.106,0.096,0.137,0.152,0.144,0.137,0.113,0.099,0.106,0.093,0.095,0.095,0.146,0.141,0.147,0.14,0.113,0.099,0.092,0.095,0.092,0.091,0.147
1:19:16,37,0.144,0.138,0.127,0.108,0.095,0.086,0.09,0.092,0.088,0.102,0.141,0.132,0.129,0.104,0.091,0.091,0.091,0.089,0.089,0.133,0.133,0.13,0.121,0.103,0.092,0.09,0.089,0.089,0.097,0.141,0.15,0.135,0.13,0.104,0.092,0.091,0.092,0.105,0.096,0.142,0.158,0.149,0.14,0.113,0.099,0.104,0.092,0.095,0.095,0.153,0.146,0.154,0.144,0.113,0.098,0.092,0.094,0.091,0.091,0.155
1:24:16,37,0.152,0.144,0.131,0.108,0.095,0.086,0.09,0.092,0.089,0.105,0.147,0.138,0.133,0.104,0.091,0.091,0.091,0.089,0.089,0.139,0.138,0.135,0.123,0.103,0.092,0.09,0.089,0.089,0.097,0.148,0.156,0.14,0.133,0.104,0.092,0.091,0.092,0.105,0.096,0.149,0.167,0.156,0.144,0.113,0.098,0.104,0.092,0.094,0.095,0.163,0.153,0.161,0.149,0.112,0.098,0.091,0.094,0.091,0.091,0.166
1:29:16,37,0.16,0.152,0.136,0.108,0.094,0.086,0.09,0.092,0.089,0.108,0.155,0.145,0.136,0.103,0.09,0.09,0.09,0.089,0.088,0.146,0.144,0.142,0.125,0.103,0.091,0.089,0.089,0.089,0.097,0.157,0.163,0.146,0.136,0.103,0.091,0.09,0.091,0.105,0.096,0.158,0.176,0.164,0.148,0.112,0.098,0.103,0.092,0.094,0.095,0.174,0.163,0.168,0.152,0.112,0.097,0.091,0.094,0.091,0.091,0.176
1:34:16,37,0.172,0.159,0.139,0.108,0.093,0.086,0.09,0.092,0.088,0.112,0.164,0.15,0.138,0.104,0.09,0.09,0.09,0.088,0.088,0.155,0.151,0.147,0.128,0.103,0.091,0.089,0.089,0.089,0.096,0.167,0.17,0.152,0.14,0.103,0.091,0.09,0.091,0.105,0.096,0.168,0.189,0.177,0.151,0.112,0.097,0.103,0.092,0.094,0.094,0.187,0.174,0.181,0.156,0.113,0.097,0.09,0.093,0.091,0.09,0.189
1:39:16,37,0.18,0.17,0.142,0.108,0.092,0.086,0.09,0.092,0.088,0.115,0.174,0.161,0.143,0.104,0.089,0.09,0.09,0.088,0.088,0.164,0.162,0.156,0.131,0.103,0.091,0.089,0.088,0.088,0.096,0.179,0.182,0.162,0.142,0.103,0.091,0.09,0.091,0.105,0.096,0.181,0.195,0.184,0.157,0.112,0.096,0.103,0.092,0.094,0.094,0.194,0.18,0.184,0.164,0.113,0.096,0.09,0.093,0.091,0.09,0.195
1:44:16,37,0.181,0.169,0.15,0.109,0.092,0.086,0.09,0.092,0.089,0.118,0.175,0.164,0.149,0.104,0.089,0.09,0.09,0.088,0.088,0.175,0.168,0.162,0.134,0.103,0.09,0.089,0.09,0.089,0.096,0.185,0.188,0.169,0.148,0.103,0.09,0.09,0.091,0.105,0.096,0.19,0.195,0.182,0.163,0.113,0.096,0.103,0.091,0.094,0.094,0.203,0.181,0.183,0.165,0.113,0.095,0.09,0.093,0.091,0.09,0.206
1:49:16,37,0.189,0.171,0.147,0.108,0.092,0.086,0.09,0.091,0.088,0.122,0.179,0.161,0.145,0.104,0.088,0.09,0.09,0.088,0.088,0.181,0.168,0.161,0.141,0.103,0.09,0.088,0.088,0.088,0.096,0.191,0.188,0.166,0.152,0.103,0.09,0.09,0.091,0.105,0.095,0.196,0.204,0.186,0.159,0.113,0.095,0.102,0.091,0.093,0.094,0.219,0.189,0.191,0.162,0.113,0.095,0.09,0.093,0.09,0.09,0.221
1:54:16,37,0.198,0.179,0.145,0.108,0.091,0.086,0.09,0.091,0.088,0.126,0.189,0.169,0.143,0.104,0.088,0.09,0.09,0.088,0.088,0.19,0.174,0.162,0.139,0.102,0.089,0.088,0.088,0.088,0.096,0.206,0.195,0.168,0.148,0.102,0.09,0.089,0.091,0.104,0.095,0.211,0.211,0.195,0.157,0.112,0.095,0.102,0.091,0.093,0.094,0.229,0.198,0.195,0.162,0.112,0.094,0.089,0.092,0.09,0.09,0.23
1:59:16,37,0.197,0.182,0.147,0.108,0.091,0.086,0.09,0.091,0.088,0.131,0.191,0.173,0.148,0.103,0.088,0.089,0.09,0.088,0.088,0.204,0.183,0.17,0.136,0.102,0.089,0.088,0.088,0.088,0.096,0.215,0.203,0.176,0.147,0.102,0.089,0.089,0.091,0.104,0.095,0.224,0.205,0.196,0.162,0.112,0.094,0.1,0.091,0.093,0.094,0.239,0.198,0.189,0.168,0.112,0.094,0.089,0.092,0.09,0.09,0.239
2:04:16,37,0.189,0.175,0.152,0.107,0.091,0.086,0.089,0.091,0.088,0.138,0.182,0.17,0.15,0.103,0.088,0.089,0.089,0.088,0.088,0.213,0.188,0.173,0.135,0.101,0.089,0.088,0.088,0.088,0.096,0.223,0.206,0.179,0.15,0.101,0.089,0.089,0.09,0.104,0.095,0.233,0.198,0.186,0.165,0.111,0.094,0.102,0.091,0.093,0.094,0.242,0.188,0.182,0.169,0.111,0.093,0.089,0.092,0.09,0.09,0.24
2:09:16,37,0.186,0.172,0.151,0.107,0.09,0.086,0.089,0.091,0.088,0.147,0.179,0.165,0.149,0.102,0.087,0.089,0.089,0.088,0.088,0.223,0.178,0.168,0.14,0.101,0.089,0.088,0.088,0.088,0.096,0.226,0.196,0.177,0.153,0.101,0.089,0.089,0.09,0.104,0.095,0.244,0.206,0.183,0.163,0.11,0.094,0.101,0.091,0.093,0.094,0.242,0.189,0.187,0.166,0.11,0.093,0.089,0.092,0.09,0.09,0.241
2:14:16,37,0.199,0.179,0.15,0.106,0.09,0.086,0.09,0.091,0.088,0.154,0.19,0.169,0.147,0.101,0.087,0.09,0.09,0.088,0.088,0.226,0.177,0.165,0.14,0.1,0.089,0.088,0.088,0.088,0.096,0.227,0.195,0.171,0.151,0.1,0.089,0.089,0.09,0.104,0.095,0.244,0.217,0.192,0.16,0.109,0.094,0.101,0.091,0.093,0.094,0.245,0.201,0.196,0.162,0.109,0.093,0.089,0.092,0.09,0.09,0.244
2:19:16,37,0.207,0.187,0.146,0.104,0.09,0.086,0.09,0.091,0.088,0.159,0.197,0.178,0.144,0.1,0.087,0.089,0.089,0.088,0.088,0.226,0.185,0.17,0.139,0.099,0.089,0.088,0.088,0.088,0.096,0.228,0.206,0.173,0.149,0.099,0.089,0.089,0.09,0.104,0.095,0.246,0.221,0.2,0.157,0.108,0.093,0.1,0.091,0.093,0.094,0.249,0.207,0.199,0.161,0.107,0.093,0.089,0.092,0.09,0.09,0.25
2:24:16,37,0.207,0.188,0.146,0.103,0.09,0.086,0.089,0.091,0.088,0.167,0.198,0.18,0.145,0.099,0.087,0.089,0.089,0.088,0.088,0.227,0.194,0.178,0.136,0.098,0.089,0.088,0.088,0.088,0.096,0.234,0.217,0.182,0.148,0.098,0.089,0.089,0.09,0.104,0.095,0.248,0.222,0.199,0.158,0.106,0.093,0.1,0.09,0.093,0.094,0.256,0.208,0.197,0.164,0.105,0.093,0.089,0.092,0.09,0.089,0.257
2:29:16,37,0.209,0.185,0.148,0.101,0.09,0.085,0.089,0.091,0.088,0.179,0.198,0.178,0.148,0.097,0.087,0.089,0.089,0.088,0.088,0.231,0.196,0.181,0.136,0.097,0.088,0.088,0.087,0.088,0.096,0.24,0.219,0.187,0.146,0.096,0.088,0.089,0.09,0.104,0.095,0.254,0.222,0.196,0.161,0.105,0.093,0.101,0.09,0.093,0.094,0.267,0.208,0.194,0.165,0.104,0.092,0.089,0.092,0.09,0.09,0.268
2:34:16,37,0.213,0.183,0.15,0.1,0.09,0.085,0.089,0.091,0.088,0.194,0.201,0.175,0.147,0.096,0.087,0.089,0.089,0.087,0.088,0.237,0.196,0.179,0.135,0.096,0.088,0.088,0.087,0.088,0.095,0.251,0.216,0.186,0.147,0.095,0.089,0.089,0.09,0.104,0.095,0.263,0.227,0.193,0.161,0.103,0.093,0.101,0.09,0.093,0.093,0.278,0.212,0.194,0.163,0.102,0.092,0.088,0.092,0.089,0.089,0.281
2:39:16,37,0.222,0.187,0.149,0.099,0.089,0.086,0.089,0.091,0.088,0.2,0.208,0.176,0.145,0.095,0.086,0.089,0.089,0.088,0.088,0.245,0.196,0.175,0.135,0.095,0.088,0.088,0.087,0.088,0.095,0.263,0.216,0.183,0.149,0.095,0.088,0.089,0.09,0.104,0.095,0.276,0.235,0.196,0.158,0.102,0.093,0.1,0.09,0.092,0.093,0.292,0.219,0.201,0.159,0.101,0.092,0.088,0.092,0.089,0.089,0.294
2:44:16,37,0.231,0.195,0.146,0.098,0.089,0.085,0.089,0.091,0.088,0.207,0.216,0.183,0.142,0.094,0.087,0.089,0.089,0.087,0.088,0.257,0.2,0.174,0.137,0.093,0.088,0.088,0.088,0.088,0.095,0.275,0.22,0.181,0.15,0.094,0.088,0.089,0.09,0.104,0.095,0.29,0.245,0.204,0.154,0.101,0.092,0.1,0.09,0.092,0.093,0.308,0.228,0.209,0.157,0.1,0.092,0.088,0.092,0.089,0.089,0.308
2:49:16,37,0.241,0.202,0.145,0.097,0.089,0.086,0.089,0.091,0.088,0.212,0.225,0.191,0.141,0.093,0.086,0.089,0.089,0.087,0.088,0.27,0.206,0.179,0.137,0.093,0.088,0.087,0.088,0.088,0.095,0.29,0.227,0.184,0.15,0.093,0.088,0.089,0.09,0.104,0.095,0.305,0.254,0.212,0.151,0.1,0.093,0.101,0.09,0.093,0.093,0.322,0.237,0.216,0.154,0.099,0.092,0.088,0.092,0.089,0.089,0.321
2:54:16,37,0.25,0.21,0.143,0.096,0.089,0.086,0.089,0.091,0.088,0.216,0.234,0.198,0.143,0.093,0.086,0.089,0.089,0.087,0.088,0.283,0.214,0.186,0.138,0.093,0.088,0.087,0.087,0.088,0.095,0.304,0.235,0.189,0.149,0.093,0.088,0.089,0.09,0.104,0.095,0.321,0.262,0.219,0.15,0.1,0.092,0.1,0.09,0.092,0.093,0.336,0.245,0.221,0.154,0.098,0.092,0.088,0.092,0.089,0.089,0.337
2:59:16,37,0.26,0.218,0.145,0.096,0.089,0.086,0.089,0.091,0.088,0.217,0.243,0.206,0.147,0.093,0.087,0.089,0.089,0.087,0.088,0.297,0.223,0.193,0.139,0.092,0.088,0.088,0.087,0.088,0.095,0.319,0.243,0.197,0.147,0.092,0.088,0.089,0.09,0.104,0.095,0.335,0.269,0.224,0.152,0.099,0.092,0.1,0.09,0.093,0.093,0.352,0.253,0.227,0.159,0.098,0.092,0.088,0.092,0.089,0.089,0.352
3:04:16,37,0.27,0.224,0.149,0.095,0.089,0.085,0.089,0.091,0.088,0.219,0.253,0.212,0.15,0.092,0.086,0.089,0.089,0.087,0.088,0.311,0.231,0.199,0.138,0.092,0.088,0.087,0.087,0.088,0.095,0.334,0.252,0.203,0.145,0.092,0.088,0.088,0.09,0.104,0.095,0.351,0.277,0.228,0.154,0.099,0.092,0.1,0.09,0.092,0.093,0.368,0.259,0.231,0.159,0.097,0.091,0.088,0.091,0.089,0.089,0.368
3:09:16,37,0.281,0.23,0.152,0.095,0.089,0.086,0.089,0.091,0.088,0.225,0.262,0.217,0.152,0.092,0.086,0.089,0.089,0.087,0.088,0.326,0.24,0.204,0.136,0.092,0.088,0.087,0.087,0.088,0.095,0.35,0.259,0.21,0.143,0.092,0.088,0.088,0.09,0.104,0.095,0.367,0.284,0.231,0.155,0.098,0.092,0.1,0.09,0.093,0.093,0.384,0.268,0.235,0.16,0.097,0.091,0.088,0.092,0.089,0.089,0.384
3:14:16,37,0.293,0.234,0.153,0.094,0.089,0.085,0.089,0.091,0.088,0.231,0.274,0.222,0.153,0.091,0.086,0.089,0.089,0.087,0.088,0.342,0.244,0.21,0.135,0.091,0.088,0.087,0.087,0.087,0.095,0.366,0.267,0.215,0.143,0.091,0.088,0.088,0.09,0.104,0.094,0.384,0.294,0.235,0.155,0.098,0.092,0.099,0.09,0.093,0.093,0.402,0.277,0.24,0.16,0.096,0.091,0.088,0.091,0.089,0.089,0.4
3:19:16,37,0.306,0.239,0.154,0.094,0.089,0.085,0.089,0.091,0.088,0.241,0.282,0.227,0.154,0.091,0.086,0.089,0.089,0.087,0.088,0.357,0.252,0.215,0.134,0.091,0.088,0.087,0.087,0.088,0.095,0.382,0.275,0.218,0.144,0.091,0.088,0.088,0.09,0.104,0.094,0.401,0.303,0.237,0.154,0.098,0.092,0.099,0.09,0.092,0.093,0.419,0.287,0.241,0.158,0.096,0.091,0.088,0.091,0.089,0.089,0.417
3:24:16,37,0.318,0.244,0.152,0.094,0.089,0.086,0.089,0.091,0.088,0.251,0.293,0.23,0.152,0.091,0.086,0.089,0.089,0.087,0.088,0.374,0.259,0.218,0.132,0.091,0.088,0.087,0.087,0.088,0.095,0.398,0.282,0.222,0.144,0.091,0.088,0.088,0.09,0.104,0.095,0.419,0.311,0.241,0.151,0.097,0.092,0.099,0.09,0.092,0.093,0.437,0.295,0.246,0.154,0.096,0.091,0.088,0.091,0.089,0.089,0.437
3:29:16,37,0.329,0.248,0.15,0.093,0.089,0.086,0.089,0.091,0.088,0.261,0.303,0.235,0.15,0.091,0.086,0.089,0.089,0.087,0.088,0.39,0.267,0.221,0.132,0.091,0.088,0.087,0.087,0.087,0.095,0.416,0.289,0.224,0.143,0.091,0.088,0.088,0.09,0.104,0.095,0.438,0.32,0.244,0.148,0.097,0.092,0.1,0.09,0.092,0.093,0.459,0.303,0.251,0.151,0.096,0.091,0.088,0.091,0.089,0.089,0.456
3:34:16,37,0.341,0.252,0.147,0.093,0.089,0.085,0.089,0.091,0.088,0.272,0.313,0.239,0.148,0.091,0.086,0.089,0.089,0.087,0.088,0.409,0.27,0.223,0.131,0.09,0.088,0.087,0.087,0.088,0.095,0.437,0.297,0.227,0.143,0.091,0.088,0.088,0.09,0.103,0.094,0.458,0.33,0.247,0.146,0.097,0.092,0.099,0.09,0.092,0.093,0.48,0.312,0.256,0.148,0.095,0.091,0.088,0.091,0.089,0.089,0.475
3:39:16,37,0.35,0.256,0.145,0.093,0.088,0.085,0.089,0.091,0.088,0.284,0.32,0.241,0.148,0.09,0.086,0.089,0.089,0.087,0.088,0.429,0.279,0.225,0.13,0.09,0.088,0.087,0.087,0.088,0.095,0.455,0.304,0.229,0.141,0.09,0.088,0.088,0.09,0.104,0.095,0.481,0.336,0.249,0.143,0.097,0.091,0.099,0.09,0.092,0.093,0.494,0.318,0.255,0.146,0.095,0.091,0.088,0.091,0.089,0.089,0.488
3:44:16,37,0.358,0.259,0.143,0.093,0.088,0.085,0.089,0.091,0.088,0.297,0.327,0.244,0.146,0.09,0.086,0.089,0.089,0.087,0.088,0.447,0.282,0.227,0.129,0.09,0.087,0.087,0.087,0.088,0.095,0.472,0.31,0.231,0.139,0.09,0.088,0.088,0.09,0.103,0.094,0.501,0.341,0.25,0.141,0.097,0.091,0.099,0.09,0.092,0.093,0.51,0.326,0.257,0.143,0.095,0.091,0.088,0.091,0.089,0.089,0.501
3:49:16,37,0.363,0.263,0.142,0.093,0.088,0.085,0.089,0.091,0.088,0.311,0.332,0.246,0.145,0.09,0.086,0.089,0.089,0.087,0.088,0.462,0.287,0.228,0.128,0.09,0.087,0.087,0.087,0.087,0.095,0.484,0.315,0.231,0.137,0.09,0.088,0.088,0.09,0.103,0.095,0.518,0.346,0.251,0.139,0.096,0.091,0.099,0.09,0.092,0.093,0.523,0.33,0.258,0.142,0.095,0.091,0.088,0.091,0.089,0.089,0.513
3:54:16,37,0.367,0.265,0.141,0.092,0.089,0.086,0.089,0.091,0.088,0.325,0.335,0.249,0.144,0.09,0.086,0.089,0.089,0.087,0.088,0.474,0.295,0.229,0.127,0.09,0.088,0.087,0.087,0.088,0.095,0.497,0.322,0.232,0.136,0.09,0.088,0.088,0.09,0.104,0.095,0.531,0.35,0.251,0.137,0.096,0.092,0.099,0.09,0.092,0.093,0.533,0.332,0.259,0.14,0.095,0.091,0.088,0.091,0.089,0.089,0.524
3:59:16,37,0.37,0.266,0.14,0.092,0.088,0.085,0.089,0.091,0.088,0.339,0.339,0.251,0.143,0.09,0.086,0.089,0.089,0.087,0.088,0.485,0.299,0.229,0.124,0.09,0.087,0.087,0.087,0.087,0.095,0.508,0.325,0.232,0.135,0.09,0.087,0.088,0.089,0.103,0.094,0.544,0.353,0.252,0.135,0.096,0.091,0.099,0.09,0.092,0.093,0.545,0.335,0.259,0.138,0.094,0.091,0.088,0.091,0.089,0.089,0.534
4:04:16,37,0.374,0.27,0.137,0.092,0.088,0.085,0.089,0.091,0.088,0.355,0.342,0.252,0.142,0.09,0.086,0.089,0.089,0.087,0.088,0.497,0.304,0.229,0.123,0.09,0.088,0.087,0.087,0.088,0.095,0.517,0.328,0.232,0.133,0.09,0.088,0.088,0.09,0.103,0.094,0.554,0.354,0.252,0.134,0.096,0.091,0.099,0.09,0.092,0.093,0.554,0.34,0.26,0.136,0.095,0.09,0.088,0.091,0.089,0.089,0.543
4:09:16,37,0.376,0.272,0.137,0.092,0.088,0.085,0.089,0.091,0.088,0.374,0.344,0.255,0.141,0.09,0.086,0.088,0.089,0.087,0.088,0.507,0.307,0.229,0.122,0.09,0.087,0.087,0.087,0.087,0.095,0.525,0.331,0.234,0.132,0.09,0.087,0.088,0.089,0.103,0.094,0.566,0.356,0.252,0.133,0.096,0.091,0.098,0.09,0.092,0.093,0.562,0.341,0.262,0.135,0.094,0.09,0.088,0.091,0.089,0.089,0.554
4:14:16,37,0.382,0.275,0.135,0.092,0.088,0.085,0.089,0.091,0.088,0.389,0.347,0.258,0.14,0.09,0.086,0.089,0.089,0.087,0.087,0.515,0.308,0.229,0.121,0.09,0.087,0.087,0.087,0.088,0.095,0.535,0.334,0.233,0.131,0.09,0.088,0.088,0.089,0.103,0.095,0.575,0.359,0.254,0.131,0.096,0.091,0.1,0.09,0.092,0.093,0.571,0.345,0.263,0.134,0.094,0.091,0.088,0.091,0.089,0.089,0.562
4:19:16,37,0.384,0.276,0.133,0.092,0.088,0.085,0.089,0.091,0.088,0.403,0.35,0.258,0.139,0.09,0.086,0.089,0.089,0.087,0.087,0.523,0.312,0.229,0.12,0.09,0.087,0.087,0.087,0.087,0.095,0.542,0.336,0.233,0.13,0.09,0.088,0.088,0.089,0.103,0.094,0.582,0.36,0.253,0.13,0.096,0.091,0.1,0.09,0.092,0.093,0.583,0.346,0.263,0.132,0.094,0.09,0.087,0.091,0.089,0.089,0.572
4:24:16,37,0.39,0.282,0.132,0.092,0.088,0.085,0.089,0.091,0.088,0.415,0.354,0.26,0.138,0.09,0.086,0.089,0.089,0.087,0.088,0.532,0.316,0.231,0.119,0.09,0.087,0.087,0.087,0.087,0.095,0.55,0.339,0.234,0.129,0.09,0.088,0.088,0.089,0.103,0.094,0.592,0.363,0.254,0.128,0.096,0.091,0.098,0.09,0.092,0.093,0.594,0.346,0.265,0.131,0.094,0.09,0.087,0.091,0.089,0.089,0.583
4:29:16,37,0.394,0.283,0.13,0.092,0.088,0.085,0.089,0.091,0.088,0.425,0.359,0.263,0.137,0.089,0.086,0.089,0.089,0.087,0.088,0.541,0.32,0.233,0.118,0.09,0.087,0.087,0.087,0.087,0.095,0.562,0.342,0.234,0.128,0.09,0.087,0.088,0.089,0.103,0.094,0.602,0.365,0.255,0.128,0.096,0.091,0.099,0.09,0.092,0.093,0.604,0.351,0.266,0.129,0.094,0.09,0.087,0.091,0.089,0.089,0.592
4:34:16,37,0.401,0.284,0.128,0.092,0.088,0.085,0.089,0.091,0.088,0.433,0.364,0.265,0.136,0.089,0.086,0.089,0.089,0.087,0.088,0.548,0.322,0.235,0.117,0.09,0.087,0.087,0.087,0.087,0.095,0.57,0.345,0.233,0.127,0.09,0.087,0.088,0.089,0.103,0.094,0.613,0.366,0.256,0.126,0.096,0.091,0.099,0.09,0.092,0.093,0.61,0.352,0.267,0.127,0.094,0.09,0.087,0.091,0.089,0.089,0.601
4:39:16,37,0.406,0.287,0.126,0.091,0.088,0.085,0.089,0.091,0.088,0.441,0.366,0.266,0.135,0.089,0.086,0.089,0.089,0.087,0.088,0.561,0.326,0.234,0.116,0.09,0.087,0.087,0.087,0.087,0.095,0.578,0.348,0.235,0.126,0.09,0.087,0.088,0.089,0.103,0.094,0.623,0.367,0.257,0.125,0.096,0.091,0.098,0.09,0.092,0.099,0.621,0.354,0.268,0.126,0.094,0.09,0.087,0.091,0.089,0.089,0.609
4:44:16,37,0.411,0.289,0.127,0.091,0.088,0.085,0.089,0.091,0.088,0.448,0.373,0.269,0.134,0.089,0.086,0.089,0.089,0.087,0.088,0.568,0.33,0.234,0.115,0.089,0.087,0.087,0.087,0.087,0.095,0.585,0.35,0.236,0.125,0.089,0.087,0.088,0.089,0.103,0.094,0.631,0.369,0.255,0.124,0.095,0.091,0.098,0.09,0.092,0.093,0.627,0.354,0.269,0.125,0.094,0.09,0.088,0.091,0.089,0.089,0.616
4:49:16,37,0.416,0.293,0.125,0.092,0.088,0.085,0.089,0.091,0.088,0.457,0.377,0.272,0.133,0.089,0.086,0.089,0.089,0.087,0.088,0.578,0.334,0.234,0.114,0.09,0.087,0.087,0.087,0.087,0.095,0.594,0.351,0.235,0.125,0.09,0.087,0.088,0.089,0.103,0.094,0.639,0.372,0.255,0.124,0.096,0.091,0.098,0.09,0.092,0.093,0.636,0.358,0.27,0.124,0.094,0.09,0.088,0.091,0.089,0.089,0.622
4:54:16,37,0.421,0.296,0.125,0.092,0.088,0.086,0.089,0.091,0.088,0.464,0.381,0.275,0.133,0.089,0.086,0.089,0.089,0.087,0.088,0.586,0.338,0.235,0.114,0.09,0.087,0.087,0.087,0.087,0.095,0.602,0.355,0.235,0.124,0.09,0.088,0.088,0.09,0.103,0.095,0.647,0.376,0.254,0.122,0.096,0.091,0.097,0.09,0.092,0.093,0.642,0.363,0.269,0.123,0.094,0.09,0.087,0.091,0.089,0.089,0.631
4:59:16,37,0.43,0.297,0.124,0.091,0.088,0.085,0.089,0.091,0.088,0.469,0.385,0.276,0.132,0.089,0.086,0.088,0.089,0.087,0.088,0.593,0.34,0.234,0.113,0.09,0.087,0.087,0.087,0.087,0.095,0.61,0.355,0.235,0.123,0.089,0.088,0.088,0.089,0.103,0.094,0.656,0.378,0.255,0.121,0.095,0.091,0.098,0.09,0.092,0.093,0.649,0.365,0.269,0.122,0.094,0.09,0.087,0.091,0.089,0.089,0.638
5:04:16,37,0.434,0.298,0.124,0.091,0.088,0.085,0.089,0.091,0.088,0.475,0.392,0.277,0.131,0.089,0.086,0.088,0.088,0.087,0.087,0.599,0.343,0.233,0.112,0.089,0.087,0.087,0.087,0.087,0.095,0.617,0.358,0.234,0.122,0.089,0.087,0.088,0.089,0.103,0.094,0.665,0.383,0.254,0.121,0.095,0.09,0.098,0.089,0.092,0.093,0.658,0.366,0.268,0.121,0.093,0.09,0.087,0.091,0.089,0.089,0.643
5:09:16,37,0.439,0.302,0.124,0.091,0.088,0.086,0.089,0.091,0.088,0.482,0.395,0.28,0.13,0.089,0.086,0.089,0.089,0.087,0.088,0.608,0.347,0.232,0.112,0.09,0.087,0.087,0.087,0.087,0.095,0.626,0.363,0.233,0.121,0.089,0.087,0.088,0.089,0.103,0.094,0.674,0.387,0.253,0.12,0.095,0.09,0.098,0.09,0.092,0.093,0.664,0.371,0.268,0.121,0.094,0.09,0.087,0.091,0.089,0.089,0.652
5:14:16,37,0.443,0.301,0.123,0.091,0.088,0.085,0.089,0.091,0.088,0.488,0.398,0.28,0.129,0.089,0.086,0.088,0.089,0.087,0.088,0.615,0.352,0.232,0.11,0.089,0.087,0.087,0.087,0.087,0.095,0.633,0.364,0.232,0.121,0.089,0.087,0.088,0.089,0.103,0.094,0.681,0.391,0.252,0.119,0.095,0.09,0.097,0.09,0.092,0.093,0.671,0.374,0.268,0.12,0.093,0.09,0.087,0.091,0.089,0.089,0.658
5:19:16,37,0.448,0.303,0.123,0.091,0.088,0.085,0.089,0.091,0.088,0.494,0.403,0.28,0.129,0.089,0.086,0.089,0.089,0.087,0.088,0.623,0.356,0.231,0.11,0.089,0.087,0.087,0.087,0.087,0.095,0.641,0.369,0.231,0.12,0.089,0.087,0.088,0.089,0.103,0.094,0.691,0.395,0.251,0.118,0.095,0.09,0.097,0.09,0.092,0.093,0.681,0.379,0.268,0.119,0.094,0.09,0.088,0.091,0.089,0.089,0.665
5:24:16,37,0.453,0.306,0.123,0.091,0.088,0.085,0.09,0.091,0.088,0.5,0.406,0.282,0.128,0.089,0.086,0.089,0.089,0.087,0.088,0.628,0.36,0.23,0.109,0.089,0.087,0.087,0.087,0.087,0.095,0.649,0.374,0.229,0.12,0.089,0.087,0.088,0.089,0.103,0.094,0.7,0.397,0.25,0.118,0.095,0.09,0.098,0.09,0.092,0.093,0.687,0.382,0.267,0.118,0.094,0.09,0.088,0.091,0.089,0.089,0.672
5:29:16,37,0.456,0.305,0.122,0.091,0.088,0.085,0.089,0.091,0.088,0.508,0.409,0.282,0.127,0.089,0.086,0.089,0.089,0.087,0.088,0.635,0.361,0.229,0.109,0.089,0.087,0.087,0.087,0.087,0.095,0.655,0.377,0.231,0.119,0.089,0.087,0.088,0.089,0.103,0.095,0.708,0.401,0.248,0.117,0.095,0.09,0.097,0.09,0.092,0.093,0.694,0.384,0.267,0.118,0.094,0.09,0.087,0.091,0.089,0.089,0.681
5:34:16,37,0.462,0.306,0.122,0.091,0.088,0.085,0.089,0.091,0.088,0.516,0.412,0.284,0.127,0.089,0.086,0.089,0.089,0.087,0.088,0.644,0.364,0.228,0.109,0.09,0.087,0.087,0.087,0.087,0.095,0.663,0.379,0.228,0.118,0.089,0.088,0.088,0.089,0.104,0.095,0.714,0.401,0.248,0.117,0.095,0.091,0.098,0.09,0.092,0.094,0.702,0.386,0.264,0.117,0.094,0.09,0.087,0.091,0.089,0.089,0.688
5:39:16,37,0.465,0.31,0.121,0.091,0.088,0.085,0.089,0.091,0.088,0.521,0.417,0.284,0.126,0.089,0.086,0.089,0.088,0.087,0.088,0.649,0.365,0.225,0.108,0.089,0.087,0.087,0.087,0.087,0.095,0.669,0.381,0.226,0.117,0.089,0.087,0.088,0.089,0.103,0.094,0.722,0.402,0.247,0.116,0.095,0.09,0.097,0.09,0.092,0.093,0.708,0.388,0.262,0.116,0.093,0.09,0.087,0.091,0.089,0.088,0.693
5:44:16,37,0.47,0.31,0.121,0.091,0.088,0.085,0.089,0.091,0.088,0.528,0.421,0.284,0.126,0.089,0.086,0.088,0.089,0.087,0.088,0.657,0.367,0.224,0.108,0.089,0.087,0.087,0.087,0.087,0.095,0.673,0.382,0.223,0.118,0.089,0.087,0.088,0.089,0.103,0.094,0.728,0.406,0.243,0.116,0.095,0.09,0.097,0.089,0.092,0.093,0.714,0.39,0.262,0.116,0.094,0.09,0.087,0.091,0.089,0.089,0.7
5:49:16,37,0.472,0.312,0.121,0.091,0.088,0.085,0.089,0.091,0.088,0.534,0.423,0.283,0.125,0.089,0.086,0.088,0.089,0.087,0.088,0.663,0.369,0.223,0.107,0.089,0.087,0.087,0.087,0.087,0.095,0.68,0.384,0.221,0.117,0.089,0.087,0.088,0.089,0.103,0.095,0.734,0.408,0.243,0.115,0.095,0.09,0.097,0.09,0.092,0.093,0.72,0.391,0.262,0.116,0.094,0.09,0.087,0.091,0.089,0.089,0.706
5:54:16,37,0.474,0.311,0.12,0.091,0.088,0.085,0.089,0.091,0.088,0.54,0.425,0.286,0.124,0.089,0.086,0.089,0.089,0.087,0.088,0.67,0.37,0.223,0.107,0.089,0.087,0.087,0.087,0.088,0.095,0.684,0.386,0.22,0.116,0.089,0.087,0.088,0.089,0.103,0.094,0.74,0.409,0.241,0.115,0.095,0.09,0.098,0.09,0.092,0.093,0.726,0.393,0.259,0.115,0.094,0.09,0.087,0.091,0.089,0.089,0.711
5:59:16,36.9,0.476,0.313,0.119,0.091,0.088,0.085,0.089,0.091,0.088,0.546,0.428,0.285,0.124,0.089,0.086,0.088,0.089,0.087,0.088,0.676,0.371,0.222,0.106,0.089,0.087,0.087,0.087,0.087,0.095,0.692,0.388,0.219,0.115,0.089,0.087,0.088,0.089,0.103,0.094,0.746,0.41,0.239,0.114,0.095,0.09,0.097,0.09,0.092,0.093,0.732,0.394,0.258,0.115,0.094,0.09,0.087,0.091,0.089,0.089,0.716
6:04:16,37,0.479,0.314,0.119,0.091,0.088,0.085,0.089,0.091,0.088,0.551,0.43,0.286,0.124,0.089,0.086,0.088,0.089,0.087,0.088,0.681,0.373,0.222,0.106,0.089,0.087,0.087,0.087,0.087,0.095,0.696,0.388,0.215,0.115,0.089,0.087,0.088,0.089,0.103,0.094,0.751,0.41,0.239,0.114,0.095,0.09,0.097,0.09,0.092,0.099,0.738,0.395,0.256,0.114,0.094,0.09,0.087,0.091,0.089,0.089,0.719
6:09:16,37,0.483,0.314,0.118,0.091,0.088,0.085,0.089,0.091,0.088,0.557,0.432,0.286,0.123,0.089,0.086,0.089,0.089,0.087,0.088,0.687,0.375,0.22,0.106,0.089,0.087,0.087,0.087,0.087,0.095,0.7,0.39,0.212,0.115,0.089,0.087,0.088,0.089,0.103,0.095,0.755,0.409,0.237,0.114,0.095,0.09,0.098,0.09,0.092,0.093,0.74,0.394,0.255,0.114,0.094,0.09,0.087,0.091,0.089,0.089,0.724
6:14:16,37,0.485,0.316,0.118,0.091,0.088,0.085,0.089,0.091,0.088,0.561,0.434,0.287,0.122,0.089,0.086,0.089,0.089,0.087,0.088,0.69,0.375,0.217,0.105,0.089,0.087,0.087,0.087,0.087,0.095,0.705,0.391,0.213,0.114,0.089,0.087,0.088,0.089,0.103,0.095,0.76,0.41,0.234,0.113,0.095,0.091,0.098,0.09,0.092,0.093,0.746,0.395,0.254,0.114,0.093,0.09,0.087,0.091,0.089,0.089,0.728
6:19:16,37,0.487,0.315,0.117,0.091,0.088,0.085,0.089,0.091,0.088,0.565,0.435,0.289,0.122,0.089,0.086,0.089,0.089,0.087,0.088,0.696,0.374,0.219,0.105,0.089,0.087,0.087,0.087,0.087,0.095,0.709,0.395,0.21,0.114,0.089,0.087,0.088,0.089,0.103,0.094,0.765,0.41,0.234,0.113,0.095,0.09,0.098,0.089,0.092,0.093,0.751,0.396,0.253,0.113,0.094,0.09,0.087,0.091,0.089,0.089,0.735
6:24:16,37,0.489,0.318,0.117,0.091,0.088,0.085,0.089,0.091,0.088,0.57,0.438,0.288,0.122,0.089,0.086,0.089,0.089,0.087,0.088,0.7,0.375,0.216,0.105,0.089,0.087,0.087,0.087,0.087,0.095,0.716,0.395,0.208,0.113,0.089,0.087,0.088,0.089,0.103,0.094,0.771,0.411,0.232,0.113,0.095,0.09,0.098,0.09,0.092,0.093,0.757,0.396,0.252,0.113,0.093,0.09,0.087,0.091,0.089,0.089,0.739
6:29:16,37,0.491,0.316,0.117,0.091,0.088,0.086,0.089,0.091,0.088,0.574,0.439,0.289,0.121,0.089,0.086,0.089,0.089,0.087,0.088,0.704,0.375,0.216,0.104,0.09,0.087,0.087,0.087,0.088,0.095,0.722,0.396,0.208,0.113,0.089,0.087,0.088,0.09,0.103,0.094,0.775,0.41,0.23,0.113,0.095,0.091,0.098,0.09,0.092,0.093,0.762,0.395,0.251,0.113,0.094,0.09,0.087,0.091,0.089,0.089,0.741
6:34:16,37,0.493,0.319,0.116,0.091,0.088,0.086,0.089,0.091,0.088,0.58,0.44,0.289,0.121,0.089,0.086,0.089,0.089,0.087,0.088,0.708,0.374,0.213,0.104,0.089,0.087,0.087,0.087,0.088,0.095,0.724,0.398,0.209,0.113,0.089,0.087,0.088,0.09,0.104,0.095,0.781,0.41,0.227,0.113,0.096,0.091,0.097,0.09,0.092,0.093,0.767,0.394,0.248,0.113,0.094,0.09,0.088,0.091,0.089,0.089,0.746
6:39:16,37,0.495,0.319,0.116,0.091,0.088,0.085,0.089,0.091,0.088,0.583,0.443,0.288,0.12,0.089,0.086,0.088,0.088,0.087,0.088,0.712,0.373,0.211,0.104,0.089,0.087,0.087,0.087,0.087,0.095,0.728,0.395,0.203,0.112,0.089,0.087,0.088,0.089,0.103,0.094,0.786,0.408,0.227,0.112,0.095,0.09,0.097,0.089,0.092,0.093,0.768,0.392,0.246,0.112,0.093,0.09,0.087,0.091,0.089,0.089,0.75
6:44:16,37,0.496,0.319,0.115,0.091,0.088,0.085,0.089,0.091,0.088,0.588,0.444,0.288,0.12,0.089,0.086,0.088,0.089,0.087,0.088,0.716,0.372,0.209,0.103,0.089,0.087,0.087,0.087,0.087,0.095,0.734,0.397,0.203,0.112,0.089,0.087,0.088,0.089,0.103,0.095,0.79,0.409,0.225,0.111,0.095,0.09,0.097,0.09,0.092,0.093,0.775,0.392,0.245,0.112,0.093,0.09,0.087,0.091,0.089,0.089,0.754
6:49:16,37,0.498,0.32,0.115,0.091,0.088,0.085,0.09,0.091,0.088,0.592,0.445,0.288,0.12,0.089,0.086,0.089,0.089,0.087,0.088,0.721,0.373,0.208,0.103,0.089,0.087,0.087,0.087,0.087,0.095,0.739,0.396,0.201,0.112,0.089,0.087,0.088,0.089,0.103,0.095,0.795,0.408,0.224,0.111,0.096,0.09,0.098,0.089,0.092,0.093,0.78,0.391,0.243,0.112,0.094,0.09,0.087,0.091,0.089,0.089,0.758
6:54:16,37,0.501,0.32,0.114,0.091,0.088,0.085,0.089,0.091,0.088,0.597,0.446,0.291,0.12,0.089,0.086,0.088,0.089,0.087,0.088,0.725,0.372,0.206,0.103,0.089,0.087,0.087,0.087,0.087,0.095,0.741,0.395,0.198,0.111,0.089,0.087,0.088,0.089,0.103,0.094,0.8,0.407,0.221,0.111,0.095,0.09,0.097,0.09,0.092,0.093,0.781,0.389,0.24,0.112,0.094,0.09,0.087,0.091,0.089,0.089,0.765
6:59:16,37,0.501,0.322,0.114,0.091,0.088,0.085,0.089,0.091,0.088,0.602,0.448,0.289,0.119,0.089,0.086,0.089,0.089,0.087,0.088,0.73,0.372,0.205,0.103,0.089,0.087,0.087,0.087,0.088,0.095,0.747,0.394,0.196,0.111,0.089,0.087,0.088,0.089,0.103,0.095,0.802,0.406,0.22,0.111,0.095,0.09,0.097,0.09,0.092,0.093,0.787,0.388,0.237,0.112,0.093,0.09,0.087,0.091,0.089,0.089,0.766
7:04:16,37,0.503,0.324,0.114,0.091,0.088,0.085,0.089,0.091,0.088,0.606,0.448,0.29,0.119,0.089,0.086,0.088,0.089,0.087,0.088,0.732,0.371,0.203,0.102,0.089,0.087,0.087,0.087,0.087,0.095,0.749,0.394,0.197,0.111,0.089,0.087,0.088,0.089,0.103,0.095,0.807,0.404,0.218,0.111,0.095,0.091,0.097,0.09,0.092,0.093,0.79,0.388,0.237,0.111,0.094,0.09,0.087,0.091,0.089,0.089,0.772
7:09:16,37,0.504,0.323,0.113,0.091,0.088,0.086,0.089,0.091,0.088,0.61,0.45,0.289,0.119,0.089,0.086,0.089,0.089,0.087,0.088,0.736,0.371,0.201,0.102,0.089,0.087,0.087,0.087,0.087,0.095,0.752,0.392,0.194,0.11,0.089,0.087,0.088,0.089,0.104,0.095,0.812,0.402,0.215,0.11,0.095,0.09,0.098,0.09,0.092,0.093,0.794,0.385,0.233,0.111,0.094,0.09,0.087,0.091,0.089,0.089,0.776
7:14:16,37,0.504,0.325,0.113,0.091,0.088,0.085,0.089,0.091,0.088,0.614,0.45,0.289,0.118,0.089,0.085,0.089,0.089,0.087,0.088,0.738,0.368,0.201,0.102,0.089,0.087,0.087,0.087,0.087,0.095,0.757,0.392,0.193,0.11,0.089,0.087,0.088,0.089,0.103,0.094,0.816,0.402,0.214,0.11,0.095,0.09,0.098,0.09,0.092,0.093,0.796,0.384,0.233,0.111,0.093,0.09,0.087,0.091,0.089,0.089,0.779
7:19:16,37,0.506,0.323,0.113,0.091,0.088,0.085,0.089,0.091,0.088,0.619,0.451,0.29,0.118,0.089,0.085,0.088,0.089,0.087,0.088,0.742,0.369,0.199,0.102,0.089,0.087,0.087,0.087,0.087,0.095,0.761,0.392,0.194,0.11,0.089,0.087,0.088,0.089,0.103,0.094,0.82,0.4,0.213,0.11,0.095,0.09,0.097,0.089,0.092,0.093,0.801,0.384,0.23,0.111,0.093,0.09,0.087,0.091,0.089,0.089,0.781
7:24:16,37,0.506,0.323,0.113,0.091,0.088,0.085,0.089,0.091,0.088,0.621,0.452,0.288,0.117,0.089,0.086,0.088,0.089,0.087,0.088,0.746,0.367,0.197,0.102,0.089,0.087,0.087,0.087,0.087,0.095,0.764,0.39,0.19,0.11,0.089,0.087,0.088,0.089,0.103,0.095,0.822,0.4,0.21,0.11,0.095,0.09,0.097,0.089,0.092,0.093,0.806,0.381,0.226,0.111,0.094,0.09,0.087,0.091,0.089,0.089,0.786
7:29:16,37,0.507,0.322,0.112,0.091,0.088,0.085,0.089,0.091,0.088,0.623,0.452,0.29,0.118,0.089,0.086,0.089,0.089,0.087,0.088,0.75,0.364,0.194,0.102,0.09,0.087,0.087,0.087,0.087,0.095,0.766,0.389,0.191,0.11,0.089,0.087,0.088,0.089,0.104,0.095,0.828,0.397,0.209,0.11,0.095,0.09,0.097,0.09,0.092,0.093,0.809,0.38,0.226,0.111,0.094,0.09,0.088,0.091,0.089,0.089,0.787
7:34:16,37,0.507,0.321,0.112,0.091,0.088,0.085,0.089,0.091,0.088,0.627,0.453,0.288,0.118,0.089,0.086,0.088,0.089,0.087,0.088,0.751,0.363,0.192,0.101,0.089,0.087,0.087,0.087,0.088,0.095,0.769,0.394,0.187,0.11,0.089,0.087,0.088,0.089,0.103,0.095,0.829,0.396,0.207,0.11,0.095,0.09,0.097,0.09,0.092,0.093,0.812,0.378,0.223,0.111,0.094,0.09,0.087,0.091,0.089,0.089,0.789
7:39:16,37,0.508,0.319,0.112,0.091,0.088,0.085,0.089,0.091,0.088,0.629,0.453,0.287,0.117,0.089,0.086,0.088,0.088,0.087,0.088,0.756,0.361,0.187,0.101,0.089,0.087,0.087,0.087,0.087,0.095,0.771,0.386,0.186,0.109,0.089,0.087,0.088,0.089,0.103,0.095,0.834,0.395,0.206,0.109,0.095,0.09,0.097,0.09,0.092,0.093,0.813,0.375,0.221,0.111,0.093,0.09,0.087,0.091,0.089,0.089,0.795
7:44:16,37,0.508,0.322,0.111,0.091,0.088,0.085,0.089,0.091,0.088,0.63,0.454,0.287,0.116,0.089,0.086,0.088,0.089,0.087,0.088,0.758,0.36,0.187,0.101,0.09,0.087,0.087,0.087,0.087,0.095,0.775,0.386,0.185,0.109,0.089,0.087,0.088,0.089,0.103,0.095,0.835,0.393,0.204,0.109,0.095,0.09,0.097,0.09,0.092,0.093,0.816,0.373,0.219,0.111,0.094,0.09,0.087,0.091,0.089,0.089,0.795
7:49:16,37,0.508,0.32,0.112,0.091,0.088,0.085,0.089,0.091,0.088,0.633,0.455,0.288,0.117,0.089,0.086,0.089,0.089,0.087,0.088,0.763,0.36,0.185,0.101,0.089,0.087,0.087,0.087,0.088,0.095,0.777,0.386,0.183,0.109,0.089,0.087,0.088,0.089,0.104,0.095,0.838,0.391,0.202,0.109,0.096,0.09,0.097,0.09,0.092,0.093,0.822,0.371,0.216,0.111,0.094,0.09,0.087,0.091,0.089,0.089,0.797
7:54:16,37,0.508,0.321,0.111,0.091,0.088,0.085,0.089,0.091,0.088,0.634,0.455,0.288,0.116,0.089,0.086,0.088,0.089,0.087,0.088,0.764,0.358,0.186,0.101,0.089,0.087,0.087,0.087,0.087,0.095,0.781,0.385,0.181,0.109,0.089,0.087,0.088,0.089,0.103,0.095,0.842,0.388,0.2,0.109,0.096,0.09,0.097,0.09,0.092,0.093,0.822,0.37,0.214,0.111,0.094,0.09,0.087,0.091,0.089,0.089,0.803
7:59:16,37,0.508,0.322,0.11,0.091,0.088,0.085,0.089,0.091,0.088,0.637,0.455,0.287,0.116,0.089,0.086,0.088,0.089,0.087,0.088,0.768,0.356,0.182,0.101,0.089,0.087,0.087,0.087,0.087,0.095,0.785,0.382,0.178,0.109,0.089,0.087,0.088,0.089,0.103,0.094,0.845,0.387,0.197,0.109,0.095,0.09,0.096,0.089,0.092,0.093,0.827,0.367,0.212,0.11,0.094,0.09,0.087,0.091,0.089,0.089,0.804
8:04:16,37,0.508,0.316,0.11,0.091,0.088,0.085,0.089,0.091,0.088,0.637,0.455,0.288,0.115,0.089,0.086,0.088,0.089,0.087,0.088,0.771,0.355,0.18,0.1,0.089,0.087,0.087,0.087,0.088,0.095,0.785,0.381,0.177,0.108,0.089,0.087,0.088,0.089,0.103,0.095,0.848,0.387,0.195,0.109,0.095,0.09,0.096,0.09,0.092,0.093,0.829,0.365,0.21,0.11,0.094,0.09,0.087,0.091,0.089,0.089,0.806
8:09:16,37,0.509,0.318,0.11,0.091,0.088,0.085,0.089,0.091,0.088,0.638,0.456,0.287,0.116,0.089,0.086,0.088,0.089,0.087,0.088,0.773,0.352,0.182,0.101,0.089,0.087,0.087,0.087,0.087,0.095,0.787,0.381,0.176,0.108,0.089,0.087,0.088,0.089,0.103,0.095,0.851,0.383,0.193,0.109,0.096,0.09,0.096,0.09,0.092,0.093,0.829,0.361,0.207,0.111,0.094,0.09,0.087,0.091,0.089,0.089,0.81
8:14:16,37,0.51,0.319,0.11,0.091,0.088,0.085,0.089,0.091,0.088,0.639,0.455,0.289,0.115,0.089,0.086,0.088,0.089,0.087,0.088,0.776,0.351,0.18,0.1,0.089,0.087,0.087,0.087,0.087,0.095,0.79,0.38,0.175,0.108,0.089,0.087,0.088,0.089,0.104,0.095,0.855,0.381,0.193,0.109,0.096,0.09,0.097,0.089,0.092,0.093,0.833,0.361,0.205,0.11,0.094,0.09,0.087,0.091,0.089,0.089,0.812
8:19:16,37,0.509,0.319,0.11,0.091,0.088,0.085,0.089,0.091,0.088,0.641,0.457,0.289,0.115,0.089,0.086,0.088,0.089,0.087,0.088,0.778,0.351,0.178,0.1,0.089,0.087,0.087,0.087,0.087,0.095,0.792,0.377,0.174,0.108,0.089,0.087,0.088,0.089,0.104,0.095,0.857,0.38,0.19,0.109,0.095,0.09,0.097,0.09,0.092,0.093,0.836,0.358,0.202,0.11,0.094,0.09,0.087,0.091,0.089,0.089,0.814
8:24:16,37,0.51,0.318,0.109,0.091,0.088,0.085,0.089,0.091,0.088,0.643,0.457,0.29,0.115,0.089,0.086,0.088,0.089,0.087,0.088,0.779,0.348,0.177,0.1,0.089,0.087,0.087,0.087,0.088,0.095,0.795,0.377,0.173,0.108,0.089,0.087,0.088,0.089,0.103,0.095,0.858,0.377,0.189,0.109,0.095,0.091,0.097,0.09,0.092,0.093,0.838,0.357,0.201,0.11,0.094,0.09,0.087,0.091,0.089,0.089,0.813
8:29:16,37,0.51,0.318,0.11,0.091,0.088,0.085,0.089,0.091,0.088,0.643,0.458,0.29,0.116,0.089,0.086,0.088,0.089,0.087,0.088,0.78,0.348,0.173,0.1,0.089,0.087,0.087,0.087,0.088,0.095,0.797,0.375,0.17,0.108,0.089,0.087,0.088,0.089,0.104,0.095,0.86,0.376,0.186,0.109,0.095,0.09,0.097,0.09,0.092,0.093,0.839,0.353,0.198,0.11,0.094,0.09,0.087,0.091,0.089,0.089,0.817
8:34:16,37,0.51,0.317,0.109,0.091,0.088,0.085,0.089,0.091,0.088,0.644,0.457,0.291,0.115,0.089,0.086,0.088,0.089,0.087,0.088,0.784,0.347,0.172,0.1,0.089,0.087,0.087,0.087,0.087,0.095,0.8,0.374,0.171,0.108,0.089,0.087,0.088,0.089,0.104,0.095,0.864,0.373,0.185,0.109,0.095,0.09,0.097,0.09,0.092,0.093,0.841,0.352,0.196,0.11,0.094,0.09,0.087,0.091,0.089,0.089,0.819
8:39:16,37,0.51,0.318,0.109,0.091,0.088,0.085,0.089,0.091,0.088,0.644,0.457,0.29,0.115,0.089,0.085,0.088,0.089,0.087,0.088,0.785,0.345,0.171,0.101,0.089,0.087,0.087,0.087,0.087,0.095,0.801,0.372,0.168,0.108,0.089,0.087,0.088,0.089,0.103,0.095,0.865,0.372,0.183,0.109,0.095,0.09,0.097,0.09,0.092,0.093,0.844,0.35,0.194,0.11,0.094,0.09,0.087,0.09,0.089,0.089,0.82
8:44:16,37,0.51,0.319,0.109,0.091,0.088,0.085,0.089,0.091,0.088,0.646,0.457,0.291,0.115,0.089,0.085,0.088,0.089,0.087,0.088,0.787,0.344,0.17,0.1,0.089,0.087,0.087,0.087,0.088,0.095,0.802,0.371,0.167,0.108,0.089,0.087,0.088,0.089,0.103,0.095,0.868,0.368,0.18,0.109,0.096,0.09,0.096,0.09,0.092,0.093,0.845,0.347,0.191,0.11,0.094,0.09,0.087,0.091,0.089,0.089,0.821
8:49:16,37,0.51,0.322,0.109,0.091,0.088,0.085,0.089,0.091,0.088,0.648,0.457,0.292,0.115,0.089,0.086,0.088,0.089,0.087,0.088,0.789,0.343,0.169,0.1,0.089,0.087,0.087,0.087,0.088,0.095,0.805,0.371,0.167,0.108,0.089,0.087,0.088,0.089,0.104,0.095,0.87,0.368,0.179,0.109,0.096,0.09,0.097,0.09,0.092,0.093,0.849,0.347,0.191,0.11,0.094,0.09,0.087,0.091,0.089,0.089,0.822
8:54:16,37,0.511,0.319,0.109,0.092,0.088,0.085,0.089,0.091,0.088,0.648,0.458,0.293,0.115,0.089,0.086,0.089,0.089,0.087,0.088,0.79,0.342,0.168,0.1,0.09,0.087,0.087,0.087,0.087,0.095,0.805,0.369,0.166,0.108,0.089,0.087,0.088,0.089,0.104,0.095,0.871,0.365,0.177,0.109,0.096,0.09,0.098,0.09,0.092,0.093,0.848,0.343,0.188,0.11,0.094,0.09,0.087,0.091,0.089,0.089,0.824
8:59:16,37,0.512,0.322,0.11,0.091,0.088,0.085,0.089,0.091,0.088,0.65,0.457,0.294,0.115,0.089,0.086,0.089,0.089,0.087,0.088,0.793,0.34,0.167,0.1,0.089,0.087,0.087,0.087,0.088,0.095,0.809,0.368,0.164,0.108,0.089,0.087,0.088,0.089,0.104,0.095,0.871,0.364,0.176,0.109,0.096,0.09,0.097,0.09,0.092,0.095,0.852,0.342,0.188,0.11,0.094,0.09,0.087,0.091,0.089,0.089,0.825
9:04:16,37,0.512,0.323,0.108,0.092,0.088,0.085,0.089,0.091,0.088,0.65,0.459,0.294,0.115,0.089,0.086,0.088,0.089,0.087,0.088,0.793,0.34,0.165,0.099,0.089,0.087,0.087,0.087,0.088,0.095,0.808,0.367,0.163,0.108,0.089,0.087,0.088,0.089,0.104,0.095,0.875,0.363,0.174,0.108,0.095,0.09,0.097,0.09,0.092,0.093,0.853,0.34,0.184,0.11,0.094,0.09,0.087,0.091,0.089,0.089,0.829
9:09:16,37,0.512,0.323,0.109,0.092,0.088,0.085,0.089,0.091,0.088,0.65,0.458,0.296,0.115,0.089,0.086,0.089,0.089,0.087,0.088,0.797,0.337,0.166,0.1,0.09,0.087,0.087,0.087,0.088,0.095,0.81,0.366,0.164,0.108,0.089,0.087,0.088,0.089,0.104,0.095,0.876,0.36,0.173,0.109,0.095,0.09,0.098,0.09,0.092,0.093,0.853,0.337,0.182,0.11,0.094,0.09,0.087,0.091,0.089,0.089,0.828
9:14:16,37,0.512,0.325,0.108,0.092,0.088,0.085,0.089,0.091,0.088,0.65,0.458,0.298,0.117,0.089,0.086,0.089,0.089,0.087,0.089,0.797,0.335,0.166,0.1,0.09,0.087,0.087,0.087,0.088,0.095,0.811,0.364,0.162,0.108,0.089,0.087,0.088,0.089,0.104,0.095,0.876,0.357,0.172,0.109,0.096,0.09,0.097,0.09,0.092,0.093,0.856,0.334,0.181,0.11,0.094,0.09,0.087,0.091,0.089,0.089,0.827
9:19:16,37,0.512,0.325,0.108,0.091,0.088,0.085,0.089,0.091,0.088,0.651,0.459,0.298,0.115,0.089,0.085,0.088,0.088,0.087,0.088,0.799,0.335,0.164,0.099,0.089,0.087,0.086,0.087,0.087,0.095,0.813,0.364,0.16,0.108,0.089,0.087,0.088,0.089,0.103,0.094,0.879,0.357,0.17,0.108,0.095,0.09,0.096,0.089,0.092,0.093,0.859,0.334,0.179,0.11,0.094,0.09,0.087,0.09,0.089,0.089,0.832
9:24:16,37,0.513,0.327,0.108,0.091,0.088,0.085,0.089,0.091,0.088,0.652,0.459,0.3,0.116,0.089,0.086,0.089,0.089,0.087,0.088,0.801,0.334,0.162,0.1,0.089,0.087,0.087,0.087,0.088,0.095,0.816,0.363,0.16,0.108,0.089,0.087,0.088,0.089,0.103,0.095,0.88,0.355,0.168,0.108,0.095,0.09,0.097,0.09,0.092,0.093,0.86,0.331,0.178,0.11,0.094,0.09,0.087,0.091,0.089,0.089,0.831
9:29:16,37,0.512,0.327,0.109,0.091,0.088,0.085,0.089,0.091,0.088,0.652,0.46,0.301,0.116,0.089,0.086,0.088,0.089,0.087,0.088,0.805,0.332,0.162,0.099,0.089,0.087,0.087,0.087,0.087,0.095,0.817,0.361,0.167,0.108,0.089,0.087,0.088,0.089,0.104,0.095,0.884,0.352,0.167,0.109,0.096,0.09,0.097,0.09,0.092,0.093,0.861,0.328,0.176,0.11,0.094,0.09,0.087,0.091,0.089,0.089,0.832
9:34:16,37,0.512,0.33,0.109,0.092,0.088,0.085,0.089,0.091,0.088,0.654,0.46,0.302,0.116,0.089,0.086,0.088,0.089,0.087,0.089,0.804,0.332,0.16,0.099,0.089,0.087,0.087,0.087,0.088,0.095,0.819,0.36,0.158,0.108,0.089,0.087,0.088,0.089,0.104,0.095,0.886,0.35,0.166,0.109,0.096,0.09,0.096,0.09,0.092,0.093,0.863,0.326,0.174,0.11,0.094,0.09,0.087,0.091,0.089,0.089,0.835
9:39:16,37,0.512,0.33,0.109,0.092,0.088,0.085,0.089,0.091,0.088,0.653,0.461,0.302,0.117,0.089,0.086,0.088,0.089,0.087,0.089,0.807,0.33,0.159,0.099,0.089,0.087,0.087,0.087,0.087,0.095,0.819,0.357,0.157,0.108,0.089,0.087,0.088,0.089,0.104,0.095,0.887,0.348,0.164,0.109,0.096,0.09,0.097,0.09,0.092,0.093,0.861,0.324,0.173,0.11,0.094,0.09,0.087,0.091,0.089,0.089,0.836
9:44:16,37,0.513,0.332,0.109,0.092,0.088,0.085,0.089,0.091,0.088,0.655,0.461,0.303,0.117,0.089,0.086,0.089,0.089,0.087,0.088,0.806,0.328,0.159,0.099,0.089,0.087,0.087,0.087,0.088,0.095,0.819,0.356,0.157,0.107,0.089,0.087,0.088,0.089,0.104,0.095,0.887,0.345,0.164,0.109,0.096,0.09,0.097,0.09,0.092,0.093,0.865,0.322,0.172,0.11,0.094,0.09,0.087,0.091,0.089,0.089,0.835
9:49:16,37,0.514,0.333,0.109,0.092,0.088,0.085,0.089,0.091,0.088,0.656,0.462,0.305,0.117,0.089,0.086,0.089,0.089,0.087,0.089,0.807,0.327,0.158,0.099,0.089,0.087,0.087,0.087,0.088,0.095,0.821,0.355,0.156,0.107,0.089,0.087,0.088,0.089,0.104,0.095,0.887,0.343,0.162,0.109,0.096,0.09,0.097,0.09,0.092,0.093,0.865,0.321,0.17,0.111,0.094,0.09,0.087,0.091,0.089,0.089,0.835
9:54:16,37,0.513,0.334,0.109,0.091,0.088,0.085,0.089,0.091,0.088,0.655,0.462,0.308,0.118,0.089,0.085,0.088,0.089,0.087,0.088,0.808,0.328,0.157,0.099,0.089,0.087,0.087,0.087,0.087,0.095,0.823,0.353,0.156,0.107,0.089,0.087,0.088,0.089,0.104,0.095,0.889,0.341,0.161,0.109,0.096,0.09,0.097,0.09,0.092,0.093,0.866,0.318,0.167,0.11,0.094,0.09,0.087,0.09,0.089,0.089,0.838
9:59:16,37,0.513,0.335,0.109,0.091,0.088,0.085,0.089,0.091,0.088,0.655,0.462,0.31,0.119,0.089,0.086,0.088,0.089,0.087,0.089,0.81,0.327,0.158,0.099,0.089,0.087,0.087,0.087,0.087,0.095,0.822,0.353,0.156,0.108,0.089,0.087,0.088,0.089,0.104,0.095,0.89,0.339,0.161,0.109,0.096,0.09,0.097,0.09,0.092,0.093,0.871,0.317,0.167,0.11,0.094,0.09,0.087,0.091,0.089,0.089,0.837
10:04:16,37,0.513,0.337,0.11,0.092,0.088,0.085,0.089,0.091,0.088,0.657,0.463,0.312,0.12,0.089,0.085,0.088,0.089,0.087,0.088,0.81,0.329,0.157,0.099,0.09,0.087,0.087,0.087,0.088,0.095,0.822,0.352,0.155,0.108,0.089,0.087,0.088,0.089,0.104,0.095,0.89,0.339,0.159,0.109,0.096,0.09,0.097,0.09,0.092,0.093,0.871,0.315,0.165,0.11,0.094,0.09,0.087,0.091,0.089,0.089,0.84
10:09:16,37,0.514,0.338,0.111,0.092,0.088,0.085,0.089,0.091,0.088,0.657,0.462,0.312,0.121,0.089,0.086,0.088,0.089,0.087,0.089,0.81,0.328,0.156,0.099,0.089,0.087,0.087,0.087,0.088,0.095,0.822,0.352,0.155,0.107,0.089,0.087,0.088,0.089,0.104,0.095,0.889,0.337,0.159,0.109,0.096,0.09,0.096,0.09,0.092,0.093,0.871,0.314,0.163,0.11,0.094,0.09,0.087,0.091,0.089,0.089,0.842
10:14:16,37,0.514,0.339,0.112,0.091,0.088,0.085,0.089,0.091,0.088,0.657,0.463,0.315,0.121,0.089,0.086,0.088,0.089,0.087,0.089,0.811,0.328,0.156,0.099,0.089,0.087,0.087,0.087,0.088,0.095,0.823,0.352,0.154,0.108,0.089,0.087,0.088,0.089,0.104,0.095,0.891,0.336,0.158,0.109,0.096,0.09,0.096,0.09,0.092,0.093,0.874,0.313,0.163,0.11,0.094,0.09,0.087,0.091,0.089,0.089,0.841
10:19:16,37,0.512,0.341,0.112,0.091,0.088,0.085,0.089,0.091,0.088,0.659,0.463,0.318,0.122,0.089,0.085,0.088,0.089,0.087,0.089,0.811,0.327,0.156,0.099,0.089,0.087,0.087,0.087,0.087,0.095,0.824,0.351,0.154,0.107,0.089,0.087,0.088,0.089,0.103,0.095,0.889,0.334,0.157,0.109,0.096,0.09,0.096,0.089,0.092,0.093,0.871,0.311,0.162,0.11,0.094,0.09,0.087,0.091,0.089,0.089,0.841
10:24:16,36.9,0.512,0.342,0.113,0.091,0.088,0.085,0.089,0.091,0.088,0.657,0.464,0.318,0.123,0.089,0.085,0.088,0.089,0.087,0.089,0.811,0.327,0.155,0.099,0.089,0.087,0.087,0.087,0.088,0.095,0.823,0.352,0.153,0.107,0.089,0.087,0.088,0.089,0.104,0.095,0.889,0.333,0.156,0.109,0.096,0.09,0.096,0.089,0.092,0.093,0.874,0.31,0.162,0.11,0.094,0.09,0.087,0.091,0.089,0.089,0.839
10:29:16,37,0.512,0.345,0.113,0.092,0.088,0.085,0.089,0.091,0.088,0.657,0.464,0.322,0.125,0.089,0.086,0.088,0.089,0.087,0.089,0.81,0.327,0.154,0.099,0.089,0.087,0.087,0.088,0.088,0.095,0.822,0.352,0.153,0.107,0.089,0.087,0.088,0.089,0.103,0.095,0.889,0.332,0.156,0.109,0.096,0.09,0.096,0.089,0.092,0.094,0.873,0.308,0.161,0.111,0.094,0.09,0.087,0.091,0.089,0.089,0.842
10:34:16,36.9,0.513,0.347,0.114,0.092,0.088,0.086,0.089,0.091,0.088,0.658,0.463,0.325,0.127,0.089,0.086,0.088,0.089,0.087,0.089,0.809,0.327,0.155,0.099,0.09,0.087,0.087,0.087,0.088,0.095,0.824,0.351,0.153,0.107,0.089,0.087,0.088,0.089,0.104,0.095,0.89,0.33,0.155,0.109,0.096,0.09,0.096,0.09,0.092,0.093,0.873,0.306,0.16,0.111,0.094,0.09,0.087,0.091,0.089,0.089,0.842
10:39:16,37,0.512,0.348,0.114,0.092,0.088,0.085,0.089,0.091,0.088,0.66,0.464,0.328,0.128,0.089,0.086,0.088,0.089,0.087,0.089,0.811,0.328,0.155,0.099,0.09,0.087,0.087,0.087,0.088,0.095,0.822,0.352,0.153,0.108,0.089,0.087,0.088,0.09,0.104,0.095,0.889,0.33,0.154,0.109,0.096,0.09,0.096,0.09,0.092,0.094,0.875,0.306,0.159,0.111,0.094,0.09,0.087,0.091,0.089,0.089,0.84
10:44:16,37,0.513,0.35,0.115,0.092,0.088,0.085,0.089,0.091,0.088,0.66,0.465,0.33,0.13,0.089,0.086,0.088,0.089,0.087,0.089,0.811,0.328,0.155,0.099,0.09,0.087,0.087,0.087,0.088,0.095,0.822,0.351,0.153,0.107,0.089,0.087,0.088,0.089,0.104,0.095,0.888,0.327,0.153,0.109,0.096,0.09,0.096,0.089,0.092,0.093,0.874,0.303,0.158,0.111,0.094,0.09,0.087,0.091,0.089,0.089,0.84
10:49:16,37,0.512,0.353,0.117,0.092,0.088,0.085,0.089,0.091,0.088,0.658,0.464,0.333,0.132,0.089,0.086,0.088,0.089,0.087,0.089,0.809,0.327,0.155,0.099,0.09,0.087,0.087,0.087,0.088,0.095,0.822,0.352,0.153,0.108,0.089,0.087,0.088,0.089,0.104,0.095,0.889,0.327,0.153,0.109,0.096,0.09,0.097,0.09,0.092,0.093,0.875,0.302,0.157,0.111,0.094,0.09,0.087,0.091,0.089,0.089,0.842
10:54:16,37,0.512,0.354,0.117,0.092,0.088,0.085,0.089,0.091,0.088,0.659,0.464,0.336,0.134,0.089,0.086,0.089,0.089,0.087,0.089,0.811,0.328,0.155,0.099,0.09,0.087,0.087,0.088,0.088,0.095,0.821,0.352,0.153,0.108,0.089,0.087,0.088,0.089,0.104,0.095,0.89,0.325,0.153,0.109,0.096,0.09,0.097,0.09,0.092,0.093,0.872,0.301,0.157,0.111,0.094,0.09,0.087,0.091,0.089,0.089,0.84
10:59:16,37,0.513,0.357,0.118,0.091,0.088,0.085,0.089,0.091,0.088,0.661,0.465,0.338,0.136,0.089,0.086,0.088,0.089,0.087,0.089,0.809,0.329,0.155,0.099,0.089,0.087,0.087,0.087,0.088,0.095,0.823,0.352,0.152,0.107,0.089,0.087,0.088,0.089,0.104,0.095,0.889,0.324,0.152,0.109,0.096,0.09,0.097,0.089,0.092,0.093,0.871,0.299,0.156,0.111,0.094,0.09,0.087,0.091,0.089,0.089,0.841
11:04:16,36.9,0.511,0.359,0.12,0.092,0.088,0.086,0.089,0.091,0.088,0.662,0.465,0.34,0.138,0.089,0.086,0.089,0.089,0.088,0.089,0.811,0.33,0.155,0.099,0.09,0.087,0.087,0.087,0.088,0.095,0.821,0.352,0.153,0.108,0.089,0.087,0.088,0.089,0.104,0.095,0.888,0.323,0.151,0.109,0.096,0.09,0.096,0.09,0.092,0.094,0.875,0.298,0.155,0.111,0.094,0.09,0.087,0.091,0.089,0.089,0.838
11:09:16,37,0.511,0.361,0.121,0.091,0.088,0.085,0.089,0.091,0.088,0.662,0.465,0.342,0.14,0.089,0.085,0.088,0.089,0.087,0.089,0.81,0.329,0.156,0.099,0.089,0.087,0.087,0.087,0.088,0.095,0.82,0.353,0.153,0.108,0.089,0.087,0.088,0.089,0.104,0.095,0.889,0.322,0.15,0.109,0.096,0.09,0.096,0.089,0.092,0.093,0.875,0.298,0.154,0.111,0.094,0.09,0.087,0.091,0.089,0.089,0.836
11:14:16,37,0.511,0.363,0.123,0.092,0.088,0.085,0.089,0.091,0.088,0.661,0.466,0.345,0.144,0.089,0.086,0.088,0.089,0.087,0.089,0.808,0.33,0.157,0.099,0.09,0.087,0.087,0.087,0.088,0.095,0.821,0.354,0.154,0.108,0.09,0.087,0.088,0.09,0.104,0.095,0.889,0.32,0.15,0.109,0.096,0.09,0.096,0.09,0.092,0.093,0.872,0.295,0.154,0.111,0.094,0.09,0.087,0.091,0.089,0.089,0.835
11:19:16,37,0.51,0.366,0.126,0.092,0.088,0.085,0.089,0.091,0.089,0.663,0.466,0.348,0.147,0.089,0.086,0.088,0.089,0.087,0.089,0.81,0.331,0.157,0.1,0.09,0.087,0.087,0.087,0.088,0.095,0.819,0.355,0.154,0.108,0.09,0.087,0.088,0.089,0.104,0.095,0.889,0.319,0.149,0.11,0.096,0.09,0.096,0.09,0.092,0.094,0.872,0.294,0.153,0.111,0.094,0.09,0.087,0.091,0.089,0.089,0.838
11:24:16,37,0.511,0.369,0.128,0.091,0.088,0.085,0.089,0.091,0.088,0.661,0.465,0.35,0.151,0.089,0.085,0.088,0.089,0.087,0.089,0.81,0.332,0.158,0.099,0.09,0.087,0.087,0.087,0.088,0.095,0.819,0.355,0.154,0.108,0.089,0.087,0.088,0.089,0.104,0.095,0.887,0.318,0.148,0.11,0.096,0.09,0.096,0.09,0.092,0.093,0.872,0.293,0.153,0.111,0.094,0.09,0.087,0.091,0.089,0.089,0.834
11:29:16,37,0.51,0.371,0.13,0.092,0.088,0.085,0.089,0.091,0.088,0.661,0.465,0.353,0.154,0.089,0.086,0.089,0.089,0.088,0.089,0.809,0.333,0.159,0.1,0.09,0.087,0.087,0.087,0.088,0.095,0.821,0.357,0.155,0.108,0.09,0.087,0.088,0.09,0.104,0.095,0.89,0.317,0.148,0.11,0.096,0.09,0.097,0.09,0.092,0.094,0.871,0.292,0.152,0.111,0.094,0.09,0.088,0.091,0.089,0.089,0.834
11:34:16,37,0.509,0.374,0.133,0.092,0.088,0.085,0.089,0.091,0.088,0.661,0.465,0.357,0.159,0.089,0.086,0.088,0.089,0.087,0.089,0.81,0.333,0.16,0.099,0.089,0.087,0.087,0.087,0.088,0.095,0.82,0.356,0.156,0.108,0.089,0.087,0.088,0.089,0.104,0.095,0.888,0.316,0.147,0.109,0.096,0.09,0.096,0.089,0.092,0.094,0.87,0.291,0.151,0.111,0.094,0.09,0.087,0.091,0.089,0.089,0.833
11:39:16,37,0.509,0.377,0.136,0.092,0.088,0.085,0.089,0.091,0.088,0.659,0.465,0.358,0.163,0.089,0.085,0.088,0.089,0.087,0.089,0.808,0.333,0.16,0.099,0.089,0.087,0.087,0.087,0.088,0.095,0.82,0.357,0.156,0.108,0.089,0.087,0.088,0.089,0.104,0.095,0.889,0.315,0.146,0.11,0.096,0.09,0.096,0.089,0.092,0.093,0.87,0.29,0.151,0.111,0.094,0.09,0.087,0.091,0.089,0.089,0.832
11:44:16,37,0.509,0.379,0.139,0.092,0.088,0.085,0.089,0.091,0.088,0.659,0.465,0.361,0.169,0.089,0.086,0.088,0.089,0.087,0.089,0.809,0.335,0.162,0.1,0.089,0.087,0.087,0.087,0.088,0.095,0.818,0.358,0.157,0.108,0.089,0.087,0.088,0.089,0.104,0.095,0.888,0.313,0.146,0.11,0.096,0.09,0.096,0.089,0.092,0.093,0.873,0.288,0.15,0.111,0.094,0.09,0.087,0.091,0.089,0.089,0.831
11:49:16,37,0.508,0.383,0.141,0.092,0.088,0.085,0.089,0.091,0.088,0.658,0.464,0.364,0.175,0.089,0.086,0.088,0.089,0.087,0.089,0.807,0.335,0.164,0.099,0.09,0.087,0.087,0.087,0.088,0.095,0.82,0.359,0.159,0.108,0.089,0.087,0.088,0.089,0.104,0.095,0.888,0.312,0.146,0.11,0.096,0.09,0.097,0.09,0.092,0.093,0.871,0.287,0.15,0.111,0.094,0.09,0.087,0.091,0.089,0.089,0.836
11:54:16,37,0.507,0.385,0.143,0.091,0.088,0.085,0.089,0.091,0.088,0.658,0.464,0.367,0.181,0.089,0.086,0.088,0.089,0.087,0.089,0.808,0.337,0.164,0.099,0.09,0.087,0.087,0.087,0.087,0.095,0.817,0.359,0.16,0.108,0.089,0.087,0.088,0.089,0.104,0.095,0.887,0.31,0.145,0.11,0.096,0.09,0.096,0.09,0.092,0.093,0.87,0.285,0.15,0.111,0.094,0.09,0.087,0.091,0.089,0.089,0.834
11:59:16,37,0.508,0.387,0.145,0.092,0.088,0.085,0.089,0.091,0.088,0.656,0.465,0.37,0.189,0.089,0.086,0.088,0.089,0.087,0.089,0.808,0.338,0.167,0.1,0.09,0.087,0.087,0.087,0.088,0.095,0.817,0.361,0.161,0.108,0.089,0.087,0.088,0.089,0.104,0.095,0.885,0.309,0.145,0.11,0.096,0.09,0.097,0.09,0.092,0.094,0.871,0.283,0.149,0.111,0.094,0.09,0.087,0.091,0.089,0.089,0.836
12:04:16,37,0.507,0.389,0.148,0.092,0.088,0.085,0.089,0.091,0.088,0.656,0.465,0.373,0.196,0.089,0.086,0.088,0.089,0.087,0.089,0.806,0.338,0.168,0.099,0.09,0.087,0.087,0.087,0.088,0.095,0.819,0.362,0.163,0.108,0.089,0.087,0.088,0.089,0.104,0.095,0.886,0.31,0.145,0.11,0.096,0.09,0.096,0.089,0.092,0.094,0.869,0.284,0.149,0.111,0.094,0.09,0.087,0.091,0.089,0.089,0.836
12:09:16,37,0.506,0.393,0.153,0.092,0.088,0.085,0.089,0.091,0.088,0.658,0.465,0.377,0.205,0.089,0.086,0.088,0.089,0.088,0.089,0.808,0.34,0.17,0.1,0.09,0.087,0.087,0.087,0.088,0.096,0.818,0.363,0.165,0.108,0.09,0.087,0.088,0.089,0.104,0.095,0.885,0.308,0.144,0.11,0.096,0.09,0.097,0.09,0.092,0.094,0.87,0.282,0.149,0.111,0.094,0.09,0.087,0.091,0.089,0.089,0.834
12:14:16,37,0.506,0.396,0.158,0.092,0.088,0.086,0.089,0.091,0.089,0.655,0.464,0.378,0.214,0.09,0.086,0.088,0.089,0.088,0.089,0.806,0.34,0.172,0.1,0.09,0.087,0.087,0.087,0.088,0.096,0.818,0.364,0.167,0.108,0.089,0.087,0.088,0.089,0.104,0.095,0.885,0.308,0.144,0.11,0.096,0.09,0.096,0.09,0.092,0.094,0.869,0.281,0.149,0.111,0.094,0.09,0.087,0.091,0.089,0.089,0.836
12:19:16,37,0.506,0.398,0.162,0.091,0.088,0.085,0.089,0.091,0.088,0.652,0.464,0.382,0.224,0.089,0.086,0.088,0.089,0.087,0.089,0.805,0.343,0.174,0.1,0.09,0.087,0.087,0.087,0.088,0.095,0.817,0.366,0.168,0.108,0.089,0.087,0.088,0.089,0.104,0.095,0.886,0.305,0.144,0.11,0.096,0.09,0.097,0.09,0.092,0.094,0.869,0.28,0.148,0.111,0.094,0.09,0.087,0.091,0.089,0.089,0.831
12:24:16,37,0.505,0.401,0.167,0.091,0.088,0.085,0.089,0.091,0.089,0.653,0.464,0.385,0.235,0.089,0.086,0.088,0.089,0.087,0.089,0.804,0.343,0.176,0.099,0.09,0.087,0.087,0.087,0.088,0.095,0.814,0.366,0.171,0.108,0.089,0.087,0.088,0.089,0.104,0.095,0.886,0.304,0.144,0.11,0.096,0.09,0.097,0.09,0.092,0.093,0.868,0.279,0.148,0.111,0.094,0.09,0.087,0.091,0.089,0.089,0.834
12:29:16,37,0.505,0.405,0.173,0.092,0.088,0.085,0.089,0.091,0.088,0.649,0.464,0.388,0.247,0.089,0.086,0.088,0.089,0.087,0.089,0.806,0.344,0.179,0.1,0.09,0.087,0.087,0.087,0.088,0.095,0.813,0.367,0.173,0.108,0.089,0.087,0.088,0.089,0.104,0.095,0.883,0.304,0.143,0.11,0.096,0.09,0.096,0.09,0.092,0.094,0.871,0.279,0.147,0.111,0.094,0.09,0.087,0.091,0.089,0.089,0.833
12:34:16,37,0.504,0.407,0.179,0.092,0.088,0.085,0.089,0.091,0.089,0.649,0.464,0.391,0.258,0.089,0.086,0.088,0.089,0.087,0.089,0.803,0.345,0.182,0.1,0.09,0.087,0.087,0.087,0.088,0.095,0.815,0.369,0.176,0.108,0.09,0.087,0.088,0.089,0.104,0.095,0.886,0.302,0.143,0.11,0.096,0.09,0.097,0.09,0.092,0.094,0.869,0.276,0.147,0.111,0.094,0.09,0.087,0.091,0.089,0.089,0.829
12:39:16,37,0.503,0.41,0.187,0.092,0.088,0.085,0.089,0.091,0.088,0.647,0.464,0.393,0.269,0.09,0.086,0.088,0.089,0.088,0.089,0.804,0.346,0.185,0.099,0.09,0.087,0.087,0.087,0.088,0.096,0.814,0.37,0.179,0.108,0.09,0.087,0.088,0.09,0.104,0.095,0.882,0.301,0.143,0.111,0.096,0.09,0.096,0.09,0.092,0.094,0.868,0.274,0.146,0.111,0.094,0.09,0.087,0.091,0.089,0.09,0.832
12:44:16,37,0.502,0.413,0.194,0.092,0.088,0.086,0.089,0.091,0.089,0.646,0.465,0.396,0.278,0.089,0.086,0.089,0.089,0.087,0.089,0.802,0.348,0.188,0.1,0.09,0.087,0.087,0.087,0.088,0.095,0.813,0.372,0.182,0.109,0.089,0.087,0.088,0.089,0.104,0.095,0.884,0.3,0.143,0.111,0.096,0.09,0.097,0.09,0.093,0.094,0.868,0.273,0.146,0.111,0.094,0.09,0.087,0.091,0.089,0.09,0.827
12:49:16,37,0.502,0.415,0.203,0.092,0.088,0.085,0.089,0.091,0.088,0.646,0.463,0.399,0.285,0.089,0.086,0.088,0.089,0.088,0.089,0.804,0.349,0.191,0.1,0.09,0.087,0.087,0.087,0.088,0.096,0.812,0.372,0.185,0.108,0.089,0.087,0.088,0.089,0.104,0.095,0.881,0.3,0.142,0.11,0.096,0.09,0.096,0.09,0.092,0.094,0.868,0.272,0.147,0.111,0.094,0.09,0.087,0.091,0.089,0.089,0.826
12:54:16,37,0.501,0.418,0.211,0.092,0.088,0.085,0.089,0.091,0.089,0.646,0.464,0.402,0.292,0.089,0.086,0.088,0.089,0.087,0.089,0.804,0.351,0.194,0.099,0.09,0.087,0.087,0.087,0.088,0.096,0.81,0.374,0.189,0.108,0.089,0.087,0.088,0.089,0.104,0.095,0.883,0.298,0.142,0.11,0.096,0.09,0.097,0.09,0.092,0.094,0.865,0.272,0.146,0.111,0.094,0.09,0.087,0.091,0.089,0.089,0.828
12:59:16,37,0.501,0.42,0.221,0.092,0.088,0.085,0.089,0.091,0.089,0.644,0.464,0.405,0.301,0.089,0.086,0.088,0.089,0.088,0.089,0.803,0.351,0.198,0.1,0.09,0.087,0.087,0.087,0.088,0.096,0.811,0.375,0.192,0.108,0.09,0.087,0.088,0.09,0.104,0.095,0.881,0.297,0.142,0.111,0.096,0.09,0.096,0.09,0.092,0.094,0.869,0.27,0.146,0.111,0.094,0.09,0.087,0.091,0.089,0.09,0.826
13:04:16,37,0.501,0.423,0.232,0.092,0.088,0.085,0.089,0.091,0.089,0.644,0.463,0.408,0.311,0.09,0.086,0.088,0.089,0.088,0.089,0.802,0.352,0.202,0.1,0.09,0.087,0.087,0.087,0.088,0.096,0.808,0.377,0.196,0.108,0.089,0.087,0.088,0.089,0.104,0.095,0.88,0.295,0.142,0.111,0.096,0.09,0.096,0.09,0.092,0.094,0.868,0.269,0.146,0.111,0.094,0.09,0.087,0.091,0.089,0.089,0.825
13:09:16,37,0.5,0.425,0.244,0.092,0.088,0.086,0.089,0.091,0.088,0.642,0.463,0.411,0.323,0.089,0.086,0.088,0.089,0.088,0.089,0.801,0.355,0.205,0.099,0.09,0.087,0.087,0.087,0.088,0.096,0.809,0.378,0.2,0.108,0.09,0.087,0.088,0.09,0.104,0.095,0.88,0.295,0.142,0.111,0.096,0.09,0.096,0.09,0.093,0.094,0.868,0.267,0.146,0.112,0.094,0.09,0.087,0.091,0.089,0.089,0.822
13:14:16,37,0.499,0.429,0.256,0.092,0.088,0.085,0.089,0.091,0.089,0.642,0.464,0.414,0.334,0.09,0.086,0.089,0.089,0.088,0.089,0.802,0.355,0.208,0.099,0.09,0.087,0.087,0.088,0.088,0.096,0.806,0.379,0.205,0.108,0.09,0.087,0.088,0.09,0.104,0.095,0.879,0.294,0.142,0.111,0.096,0.09,0.096,0.09,0.092,0.094,0.865,0.268,0.145,0.112,0.094,0.09,0.087,0.091,0.089,0.089,0.825
13:19:16,37,0.499,0.431,0.267,0.092,0.088,0.085,0.089,0.091,0.089,0.637,0.463,0.417,0.345,0.089,0.086,0.088,0.089,0.088,0.089,0.799,0.357,0.212,0.099,0.09,0.087,0.087,0.087,0.088,0.095,0.805,0.38,0.209,0.108,0.089,0.087,0.088,0.089,0.104,0.095,0.881,0.293,0.142,0.111,0.096,0.09,0.096,0.09,0.092,0.094,0.864,0.265,0.145,0.111,0.094,0.09,0.087,0.091,0.089,0.089,0.824
13:24:16,37,0.498,0.433,0.278,0.092,0.088,0.085,0.089,0.091,0.089,0.637,0.463,0.42,0.355,0.09,0.086,0.088,0.089,0.087,0.089,0.8,0.358,0.216,0.099,0.09,0.087,0.087,0.087,0.088,0.095,0.807,0.382,0.214,0.109,0.09,0.087,0.088,0.089,0.104,0.095,0.878,0.292,0.142,0.111,0.096,0.09,0.096,0.089,0.092,0.094,0.865,0.262,0.145,0.112,0.094,0.09,0.087,0.091,0.089,0.09,0.819
13:29:16,37,0.498,0.436,0.284,0.092,0.088,0.086,0.089,0.092,0.089,0.636,0.463,0.423,0.366,0.09,0.086,0.088,0.089,0.088,0.089,0.799,0.359,0.22,0.1,0.09,0.087,0.087,0.087,0.088,0.096,0.803,0.383,0.219,0.108,0.09,0.087,0.088,0.089,0.104,0.096,0.88,0.291,0.141,0.111,0.096,0.09,0.097,0.09,0.092,0.094,0.863,0.262,0.144,0.112,0.094,0.09,0.087,0.091,0.089,0.09,0.82
13:34:16,37,0.497,0.439,0.291,0.092,0.088,0.085,0.089,0.091,0.089,0.636,0.463,0.425,0.375,0.09,0.086,0.088,0.089,0.088,0.089,0.798,0.361,0.223,0.1,0.09,0.087,0.087,0.087,0.088,0.096,0.805,0.385,0.225,0.108,0.089,0.087,0.088,0.089,0.104,0.095,0.877,0.289,0.141,0.111,0.096,0.09,0.096,0.09,0.093,0.094,0.864,0.262,0.144,0.112,0.094,0.09,0.087,0.091,0.089,0.09,0.819
13:39:16,37,0.497,0.441,0.301,0.092,0.088,0.085,0.089,0.092,0.089,0.634,0.463,0.427,0.384,0.09,0.086,0.088,0.089,0.088,0.089,0.797,0.362,0.227,0.1,0.09,0.087,0.087,0.087,0.088,0.096,0.802,0.386,0.23,0.109,0.09,0.088,0.088,0.089,0.104,0.096,0.878,0.288,0.141,0.111,0.096,0.09,0.096,0.09,0.093,0.098,0.862,0.26,0.144,0.112,0.094,0.09,0.087,0.091,0.089,0.09,0.817
13:44:16,37,0.497,0.444,0.313,0.092,0.088,0.086,0.089,0.091,0.089,0.634,0.463,0.43,0.393,0.09,0.086,0.088,0.089,0.088,0.089,0.796,0.365,0.231,0.1,0.09,0.087,0.087,0.087,0.088,0.096,0.8,0.387,0.234,0.108,0.09,0.087,0.088,0.09,0.104,0.096,0.875,0.287,0.141,0.111,0.096,0.09,0.095,0.09,0.092,0.094,0.863,0.258,0.144,0.112,0.094,0.09,0.087,0.091,0.089,0.09,0.814
13:49:16,37,0.496,0.446,0.325,0.092,0.088,0.085,0.089,0.091,0.089,0.63,0.463,0.433,0.4,0.09,0.086,0.088,0.089,0.088,0.089,0.797,0.366,0.234,0.1,0.09,0.087,0.087,0.087,0.088,0.096,0.8,0.389,0.239,0.108,0.09,0.087,0.088,0.089,0.104,0.095,0.874,0.286,0.141,0.111,0.096,0.09,0.096,0.09,0.092,0.094,0.862,0.257,0.143,0.112,0.094,0.09,0.087,0.091,0.089,0.089,0.817
13:54:16,37,0.494,0.449,0.338,0.092,0.088,0.085,0.089,0.091,0.089,0.631,0.462,0.435,0.408,0.09,0.086,0.088,0.089,0.087,0.089,0.794,0.367,0.238,0.099,0.09,0.087,0.087,0.087,0.088,0.096,0.798,0.39,0.243,0.108,0.089,0.087,0.088,0.089,0.104,0.095,0.876,0.285,0.141,0.111,0.096,0.09,0.096,0.09,0.092,0.094,0.86,0.256,0.143,0.112,0.094,0.09,0.087,0.091,0.089,0.09,0.816
13:59:16,37,0.494,0.45,0.35,0.092,0.088,0.085,0.089,0.091,0.089,0.629,0.463,0.438,0.415,0.09,0.086,0.088,0.089,0.087,0.089,0.796,0.368,0.242,0.099,0.09,0.087,0.087,0.087,0.088,0.096,0.797,0.392,0.247,0.108,0.089,0.087,0.088,0.09,0.104,0.095,0.875,0.284,0.141,0.111,0.096,0.09,0.097,0.09,0.092,0.094,0.86,0.255,0.144,0.112,0.094,0.09,0.087,0.091,0.089,0.09,0.812
14:04:16,37,0.494,0.453,0.364,0.092,0.088,0.085,0.089,0.092,0.089,0.629,0.463,0.441,0.422,0.09,0.086,0.088,0.089,0.088,0.089,0.793,0.37,0.247,0.1,0.09,0.087,0.087,0.087,0.088,0.096,0.799,0.392,0.252,0.108,0.09,0.087,0.088,0.09,0.104,0.095,0.873,0.283,0.141,0.111,0.096,0.09,0.096,0.09,0.092,0.094,0.862,0.254,0.143,0.112,0.094,0.09,0.087,0.091,0.089,0.09,0.811
14:09:16,37,0.492,0.456,0.376,0.092,0.088,0.085,0.089,0.091,0.089,0.628,0.462,0.443,0.429,0.09,0.086,0.088,0.089,0.088,0.089,0.793,0.371,0.251,0.1,0.09,0.087,0.087,0.087,0.088,0.096,0.796,0.394,0.257,0.109,0.09,0.087,0.088,0.09,0.104,0.096,0.873,0.284,0.141,0.111,0.096,0.09,0.096,0.09,0.093,0.094,0.859,0.252,0.143,0.112,0.094,0.09,0.087,0.091,0.089,0.09,0.812
14:14:16,37,0.492,0.457,0.386,0.092,0.088,0.085,0.089,0.091,0.089,0.625,0.463,0.446,0.436,0.089,0.086,0.088,0.089,0.088,0.089,0.791,0.373,0.255,0.099,0.089,0.087,0.087,0.087,0.088,0.096,0.794,0.395,0.261,0.108,0.089,0.087,0.088,0.089,0.104,0.095,0.871,0.282,0.141,0.111,0.096,0.09,0.096,0.089,0.092,0.094,0.859,0.252,0.143,0.112,0.094,0.09,0.087,0.09,0.089,0.089,0.807
14:19:16,37,0.492,0.459,0.397,0.092,0.088,0.085,0.089,0.091,0.089,0.627,0.463,0.449,0.442,0.09,0.086,0.088,0.089,0.088,0.089,0.791,0.374,0.259,0.1,0.09,0.087,0.087,0.087,0.088,0.096,0.794,0.396,0.265,0.108,0.09,0.087,0.088,0.089,0.104,0.096,0.87,0.281,0.141,0.111,0.096,0.09,0.096,0.09,0.093,0.094,0.859,0.25,0.143,0.112,0.094,0.09,0.087,0.091,0.089,0.09,0.809
14:24:16,37,0.491,0.462,0.406,0.092,0.088,0.085,0.089,0.091,0.089,0.622,0.463,0.451,0.448,0.089,0.086,0.088,0.089,0.088,0.089,0.79,0.375,0.263,0.099,0.09,0.087,0.087,0.087,0.088,0.096,0.793,0.398,0.27,0.109,0.089,0.087,0.088,0.089,0.104,0.096,0.869,0.279,0.14,0.111,0.096,0.09,0.096,0.09,0.092,0.094,0.858,0.249,0.142,0.112,0.094,0.09,0.087,0.091,0.089,0.09,0.803
14:29:16,37,0.492,0.464,0.416,0.092,0.088,0.085,0.089,0.091,0.088,0.62,0.462,0.453,0.453,0.089,0.086,0.088,0.089,0.088,0.089,0.791,0.377,0.268,0.099,0.09,0.087,0.087,0.087,0.088,0.095,0.794,0.4,0.275,0.108,0.09,0.087,0.088,0.089,0.104,0.095,0.871,0.28,0.141,0.111,0.096,0.09,0.096,0.09,0.092,0.094,0.857,0.25,0.142,0.112,0.094,0.09,0.087,0.091,0.089,0.09,0.802
14:34:16,37,0.49,0.466,0.425,0.092,0.088,0.085,0.089,0.091,0.089,0.619,0.462,0.456,0.459,0.09,0.086,0.089,0.089,0.088,0.089,0.791,0.378,0.272,0.1,0.09,0.087,0.087,0.087,0.088,0.096,0.794,0.401,0.28,0.108,0.09,0.087,0.088,0.089,0.104,0.096,0.868,0.278,0.141,0.111,0.096,0.09,0.096,0.09,0.093,0.094,0.856,0.248,0.142,0.112,0.094,0.09,0.087,0.091,0.089,0.09,0.803
14:39:16,36.9,0.49,0.468,0.433,0.092,0.088,0.085,0.089,0.091,0.089,0.618,0.462,0.458,0.466,0.09,0.086,0.088,0.089,0.088,0.089,0.791,0.379,0.276,0.099,0.09,0.087,0.087,0.087,0.088,0.096,0.79,0.403,0.285,0.108,0.089,0.087,0.088,0.089,0.104,0.096,0.869,0.279,0.14,0.111,0.096,0.09,0.096,0.09,0.093,0.094,0.854,0.248,0.142,0.112,0.094,0.09,0.087,0.091,0.089,0.09,0.803
14:44:16,37,0.489,0.47,0.441,0.092,0.088,0.085,0.089,0.092,0.089,0.618,0.462,0.46,0.472,0.09,0.086,0.089,0.089,0.088,0.089,0.789,0.381,0.28,0.1,0.09,0.087,0.087,0.087,0.088,0.096,0.789,0.405,0.289,0.109,0.09,0.087,0.088,0.09,0.104,0.096,0.87,0.277,0.14,0.111,0.096,0.09,0.096,0.09,0.093,0.094,0.856,0.246,0.142,0.112,0.094,0.09,0.087,0.091,0.089,0.09,0.802
14:49:16,37,0.488,0.471,0.448,0.091,0.088,0.085,0.089,0.091,0.088,0.618,0.462,0.462,0.476,0.089,0.086,0.088,0.089,0.087,0.089,0.79,0.382,0.284,0.099,0.09,0.087,0.087,0.087,0.088,0.096,0.79,0.405,0.294,0.108,0.089,0.087,0.088,0.089,0.104,0.095,0.869,0.276,0.14,0.111,0.096,0.09,0.096,0.089,0.092,0.094,0.857,0.246,0.141,0.112,0.094,0.09,0.087,0.09,0.089,0.09,0.795
14:54:16,37,0.488,0.474,0.454,0.092,0.088,0.085,0.089,0.091,0.089,0.613,0.461,0.465,0.482,0.09,0.086,0.088,0.089,0.088,0.089,0.791,0.384,0.288,0.1,0.09,0.087,0.087,0.087,0.088,0.096,0.786,0.407,0.299,0.108,0.09,0.087,0.088,0.089,0.104,0.096,0.868,0.276,0.14,0.111,0.096,0.09,0.096,0.09,0.093,0.094,0.856,0.243,0.141,0.112,0.094,0.09,0.087,0.091,0.089,0.09,0.793
14:59:16,36.9,0.488,0.477,0.462,0.092,0.088,0.085,0.089,0.091,0.089,0.615,0.462,0.466,0.488,0.09,0.086,0.088,0.089,0.088,0.089,0.79,0.385,0.292,0.1,0.09,0.087,0.087,0.087,0.088,0.096,0.788,0.409,0.304,0.109,0.09,0.087,0.088,0.089,0.104,0.096,0.869,0.275,0.141,0.111,0.096,0.09,0.097,0.09,0.093,0.094,0.854,0.243,0.141,0.112,0.094,0.09,0.087,0.091,0.089,0.09,0.796
15:04:16,37,0.488,0.477,0.468,0.092,0.088,0.085,0.089,0.091,0.089,0.61,0.461,0.469,0.494,0.09,0.086,0.089,0.089,0.088,0.089,0.787,0.387,0.296,0.1,0.09,0.087,0.087,0.087,0.088,0.096,0.787,0.411,0.308,0.108,0.09,0.087,0.088,0.089,0.104,0.096,0.868,0.275,0.141,0.111,0.096,0.09,0.097,0.09,0.093,0.094,0.853,0.243,0.141,0.112,0.094,0.09,0.087,0.091,0.089,0.09,0.794
15:09:16,37,0.486,0.48,0.474,0.092,0.088,0.085,0.089,0.092,0.089,0.609,0.462,0.471,0.499,0.09,0.086,0.089,0.089,0.088,0.089,0.788,0.388,0.3,0.1,0.09,0.087,0.087,0.087,0.088,0.096,0.787,0.412,0.313,0.108,0.09,0.087,0.088,0.089,0.104,0.096,0.866,0.274,0.14,0.111,0.096,0.09,0.097,0.09,0.093,0.094,0.851,0.242,0.141,0.112,0.094,0.09,0.087,0.091,0.089,0.09,0.79
15:14:16,37,0.486,0.482,0.48,0.092,0.088,0.085,0.089,0.091,0.089,0.607,0.462,0.473,0.504,0.09,0.086,0.088,0.089,0.087,0.089,0.787,0.389,0.304,0.1,0.09,0.087,0.087,0.087,0.088,0.096,0.789,0.414,0.317,0.109,0.09,0.087,0.088,0.09,0.104,0.096,0.864,0.274,0.14,0.111,0.096,0.09,0.096,0.09,0.093,0.094,0.852,0.241,0.141,0.112,0.094,0.09,0.087,0.091,0.089,0.09,0.787
15:19:16,37,0.486,0.484,0.485,0.092,0.088,0.085,0.089,0.091,0.089,0.606,0.461,0.474,0.51,0.09,0.086,0.089,0.089,0.088,0.089,0.784,0.39,0.309,0.1,0.09,0.087,0.087,0.087,0.088,0.096,0.786,0.415,0.321,0.109,0.09,0.087,0.088,0.089,0.104,0.096,0.865,0.273,0.14,0.111,0.096,0.09,0.097,0.09,0.093,0.094,0.849,0.24,0.141,0.112,0.094,0.09,0.087,0.091,0.089,0.09,0.785
15:24:16,37,0.485,0.486,0.491,0.092,0.088,0.085,0.089,0.091,0.089,0.607,0.461,0.476,0.515,0.09,0.086,0.088,0.089,0.088,0.089,0.783,0.392,0.312,0.099,0.09,0.087,0.087,0.087,0.088,0.096,0.787,0.416,0.326,0.108,0.09,0.087,0.088,0.089,0.104,0.096,0.862,0.273,0.14,0.111,0.096,0.09,0.097,0.09,0.092,0.094,0.849,0.239,0.14,0.112,0.094,0.09,0.087,0.09,0.089,0.09,0.781
15:29:16,37,0.484,0.487,0.496,0.092,0.088,0.085,0.089,0.092,0.089,0.603,0.461,0.478,0.521,0.09,0.086,0.088,0.089,0.088,0.089,0.781,0.393,0.316,0.1,0.09,0.087,0.087,0.087,0.088,0.096,0.781,0.418,0.33,0.109,0.09,0.087,0.088,0.089,0.104,0.096,0.864,0.273,0.139,0.111,0.096,0.09,0.095,0.09,0.093,0.094,0.85,0.238,0.141,0.112,0.094,0.09,0.087,0.091,0.089,0.09,0.782
15:34:16,37,0.484,0.489,0.501,0.092,0.088,0.085,0.089,0.091,0.089,0.598,0.461,0.48,0.526,0.09,0.086,0.088,0.089,0.088,0.089,0.78,0.394,0.32,0.1,0.09,0.087,0.087,0.087,0.088,0.096,0.779,0.42,0.335,0.108,0.09,0.087,0.088,0.089,0.104,0.096,0.865,0.272,0.14,0.111,0.096,0.09,0.096,0.09,0.093,0.094,0.85,0.238,0.14,0.112,0.094,0.09,0.087,0.091,0.089,0.09,0.782
15:39:16,37,0.483,0.491,0.507,0.092,0.088,0.085,0.089,0.091,0.089,0.6,0.461,0.482,0.531,0.09,0.086,0.089,0.089,0.088,0.089,0.775,0.396,0.324,0.1,0.09,0.087,0.087,0.087,0.088,0.096,0.778,0.42,0.339,0.108,0.09,0.087,0.088,0.089,0.104,0.096,0.862,0.271,0.139,0.111,0.096,0.09,0.097,0.09,0.093,0.094,0.849,0.237,0.14,0.112,0.094,0.09,0.087,0.091,0.089,0.09,0.781
15:44:16,37,0.484,0.492,0.513,0.092,0.088,0.085,0.089,0.091,0.089,0.601,0.461,0.484,0.537,0.09,0.086,0.088,0.089,0.088,0.089,0.775,0.396,0.328,0.1,0.09,0.087,0.087,0.087,0.088,0.096,0.776,0.422,0.343,0.108,0.089,0.087,0.088,0.089,0.104,0.096,0.862,0.271,0.139,0.111,0.096,0.09,0.096,0.09,0.093,0.094,0.849,0.236,0.14,0.112,0.094,0.09,0.087,0.091,0.089,0.09,0.774
15:49:16,37,0.483,0.493,0.518,0.092,0.088,0.085,0.089,0.091,0.089,0.596,0.461,0.485,0.542,0.09,0.086,0.088,0.089,0.088,0.089,0.771,0.397,0.331,0.1,0.09,0.087,0.087,0.087,0.088,0.096,0.77,0.424,0.348,0.108,0.089,0.087,0.088,0.089,0.104,0.096,0.861,0.27,0.139,0.111,0.096,0.09,0.096,0.09,0.092,0.094,0.849,0.236,0.14,0.112,0.094,0.09,0.087,0.09,0.089,0.09,0.771
15:54:16,37,0.483,0.495,0.524,0.092,0.088,0.085,0.089,0.091,0.089,0.593,0.461,0.487,0.547,0.09,0.086,0.089,0.089,0.088,0.089,0.769,0.399,0.335,0.1,0.09,0.087,0.087,0.087,0.088,0.096,0.771,0.425,0.352,0.108,0.09,0.087,0.088,0.09,0.104,0.096,0.859,0.27,0.139,0.111,0.096,0.09,0.096,0.09,0.093,0.094,0.85,0.236,0.14,0.112,0.094,0.09,0.087,0.091,0.089,0.09,0.771
15:59:16,37,0.483,0.497,0.529,0.092,0.088,0.085,0.089,0.091,0.089,0.59,0.461,0.489,0.553,0.09,0.086,0.088,0.089,0.088,0.09,0.768,0.4,0.339,0.1,0.09,0.087,0.087,0.087,0.088,0.096,0.766,0.427,0.356,0.108,0.09,0.087,0.088,0.09,0.104,0.096,0.857,0.27,0.139,0.111,0.096,0.09,0.096,0.09,0.093,0.094,0.852,0.235,0.14,0.112,0.094,0.09,0.087,0.091,0.089,0.09,0.765
16:04:16,37,0.482,0.498,0.535,0.092,0.088,0.085,0.089,0.092,0.089,0.589,0.461,0.49,0.558,0.09,0.086,0.089,0.089,0.088,0.09,0.763,0.401,0.343,0.1,0.09,0.087,0.087,0.087,0.088,0.096,0.761,0.428,0.361,0.108,0.09,0.087,0.088,0.09,0.104,0.096,0.854,0.27,0.139,0.112,0.097,0.09,0.096,0.09,0.093,0.094,0.849,0.236,0.14,0.112,0.094,0.09,0.087,0.091,0.089,0.09,0.766
16:09:16,37,0.481,0.5,0.54,0.092,0.088,0.085,0.089,0.092,0.089,0.587,0.46,0.492,0.562,0.09,0.086,0.088,0.089,0.088,0.09,0.761,0.402,0.346,0.1,0.09,0.087,0.087,0.087,0.088,0.096,0.762,0.429,0.364,0.108,0.09,0.087,0.088,0.089,0.104,0.096,0.852,0.271,0.139,0.111,0.096,0.09,0.096,0.09,0.093,0.094,0.85,0.234,0.139,0.112,0.094,0.09,0.087,0.091,0.089,0.09,0.761
16:14:16,37,0.481,0.501,0.545,0.092,0.088,0.085,0.089,0.091,0.089,0.588,0.46,0.493,0.567,0.09,0.086,0.088,0.089,0.088,0.089,0.759,0.404,0.35,0.1,0.09,0.087,0.087,0.087,0.088,0.096,0.759,0.43,0.369,0.108,0.09,0.087,0.088,0.089,0.104,0.096,0.851,0.269,0.138,0.111,0.096,0.09,0.097,0.09,0.093,0.094,0.846,0.234,0.139,0.112,0.094,0.09,0.087,0.091,0.089,0.09,0.757
16:19:16,37,0.481,0.503,0.55,0.092,0.088,0.085,0.089,0.092,0.089,0.584,0.459,0.495,0.573,0.09,0.086,0.088,0.089,0.088,0.09,0.757,0.405,0.354,0.1,0.09,0.087,0.087,0.087,0.088,0.096,0.757,0.433,0.373,0.109,0.09,0.087,0.088,0.09,0.105,0.096,0.848,0.27,0.139,0.112,0.096,0.09,0.096,0.09,0.093,0.094,0.849,0.234,0.139,0.112,0.094,0.09,0.087,0.091,0.089,0.09,0.756
16:24:16,37,0.479,0.503,0.555,0.092,0.088,0.085,0.089,0.091,0.089,0.582,0.46,0.496,0.577,0.09,0.086,0.088,0.089,0.088,0.089,0.754,0.406,0.357,0.1,0.09,0.087,0.087,0.087,0.088,0.096,0.752,0.432,0.377,0.108,0.09,0.087,0.088,0.09,0.104,0.096,0.845,0.27,0.139,0.111,0.096,0.09,0.096,0.09,0.093,0.094,0.847,0.233,0.139,0.112,0.094,0.09,0.087,0.091,0.089,0.09,0.749
16:29:16,37,0.478,0.505,0.561,0.092,0.088,0.085,0.089,0.091,0.089,0.577,0.46,0.498,0.581,0.09,0.086,0.088,0.089,0.088,0.09,0.752,0.406,0.361,0.1,0.09,0.087,0.087,0.087,0.088,0.096,0.75,0.434,0.381,0.108,0.09,0.087,0.088,0.089,0.104,0.096,0.842,0.269,0.138,0.111,0.096,0.09,0.096,0.09,0.093,0.094,0.843,0.232,0.139,0.112,0.094,0.09,0.087,0.091,0.089,0.09,0.749
16:34:16,37,0.479,0.506,0.566,0.092,0.088,0.085,0.089,0.091,0.089,0.576,0.46,0.499,0.587,0.09,0.086,0.088,0.089,0.088,0.09,0.748,0.408,0.364,0.1,0.09,0.087,0.087,0.087,0.088,0.096,0.749,0.434,0.385,0.108,0.09,0.087,0.088,0.09,0.104,0.096,0.839,0.269,0.139,0.111,0.096,0.09,0.095,0.09,0.093,0.094,0.843,0.233,0.139,0.112,0.094,0.09,0.087,0.091,0.089,0.09,0.747
16:39:16,37,0.478,0.507,0.571,0.092,0.088,0.085,0.089,0.092,0.089,0.575,0.46,0.5,0.591,0.09,0.086,0.088,0.089,0.088,0.09,0.747,0.409,0.368,0.1,0.09,0.087,0.087,0.087,0.088,0.096,0.744,0.436,0.389,0.108,0.09,0.087,0.088,0.089,0.104,0.096,0.837,0.269,0.138,0.112,0.096,0.09,0.096,0.09,0.093,0.094,0.84,0.232,0.139,0.112,0.094,0.09,0.087,0.091,0.089,0.09,0.744
16:44:16,37,0.477,0.509,0.576,0.092,0.088,0.085,0.089,0.091,0.089,0.57,0.46,0.502,0.596,0.09,0.086,0.088,0.089,0.088,0.09,0.745,0.409,0.371,0.1,0.09,0.087,0.087,0.087,0.088,0.096,0.744,0.437,0.393,0.108,0.09,0.087,0.088,0.089,0.104,0.096,0.837,0.27,0.138,0.111,0.096,0.09,0.096,0.09,0.093,0.094,0.836,0.231,0.139,0.112,0.094,0.09,0.087,0.091,0.089,0.09,0.742
16:49:16,37,0.477,0.51,0.582,0.092,0.088,0.085,0.089,0.092,0.089,0.572,0.459,0.504,0.6,0.09,0.086,0.088,0.089,0.088,0.09,0.739,0.41,0.375,0.1,0.09,0.087,0.087,0.087,0.088,0.096,0.741,0.439,0.397,0.108,0.09,0.087,0.088,0.09,0.104,0.096,0.832,0.269,0.138,0.112,0.096,0.09,0.095,0.09,0.093,0.094,0.837,0.233,0.139,0.112,0.094,0.09,0.087,0.091,0.089,0.09,0.739
16:54:16,37,0.476,0.512,0.586,0.092,0.088,0.085,0.089,0.092,0.089,0.568,0.46,0.505,0.604,0.09,0.086,0.088,0.089,0.088,0.09,0.738,0.411,0.378,0.1,0.09,0.087,0.087,0.087,0.088,0.096,0.739,0.439,0.401,0.108,0.09,0.087,0.088,0.09,0.104,0.096,0.83,0.27,0.138,0.112,0.096,0.09,0.096,0.09,0.093,0.094,0.831,0.232,0.139,0.113,0.094,0.09,0.087,0.091,0.089,0.09,0.735
16:59:16,37,0.476,0.512,0.591,0.092,0.088,0.085,0.089,0.091,0.089,0.565,0.458,0.506,0.608,0.09,0.086,0.088,0.089,0.088,0.09,0.734,0.412,0.382,0.1,0.09,0.087,0.087,0.087,0.088,0.096,0.738,0.441,0.405,0.108,0.09,0.087,0.088,0.09,0.104,0.096,0.827,0.27,0.138,0.112,0.096,0.09,0.095,0.09,0.093,0.094,0.833,0.232,0.138,0.112,0.094,0.09,0.087,0.091,0.089,0.09,0.733
17:04:16,37,0.476,0.513,0.596,0.092,0.088,0.085,0.089,0.091,0.089,0.562,0.459,0.507,0.613,0.09,0.086,0.089,0.089,0.088,0.09,0.734,0.413,0.385,0.1,0.09,0.087,0.087,0.087,0.088,0.096,0.735,0.441,0.409,0.108,0.09,0.087,0.088,0.09,0.104,0.096,0.827,0.27,0.138,0.112,0.096,0.09,0.096,0.09,0.093,0.094,0.827,0.231,0.139,0.113,0.094,0.09,0.087,0.091,0.089,0.09,0.73
17:09:16,37,0.475,0.514,0.601,0.092,0.088,0.085,0.089,0.092,0.089,0.56,0.459,0.508,0.617,0.09,0.086,0.088,0.089,0.088,0.09,0.732,0.414,0.388,0.1,0.09,0.087,0.087,0.087,0.088,0.096,0.73,0.442,0.413,0.109,0.09,0.087,0.088,0.09,0.105,0.096,0.824,0.27,0.138,0.112,0.096,0.09,0.096,0.09,0.093,0.094,0.828,0.233,0.138,0.113,0.094,0.09,0.087,0.091,0.089,0.09,0.724
17:14:16,37,0.475,0.515,0.606,0.092,0.088,0.085,0.089,0.092,0.089,0.557,0.458,0.509,0.621,0.09,0.086,0.088,0.089,0.088,0.09,0.727,0.415,0.391,0.1,0.09,0.087,0.087,0.087,0.088,0.096,0.73,0.443,0.416,0.109,0.09,0.087,0.088,0.09,0.104,0.096,0.82,0.27,0.138,0.112,0.096,0.09,0.096,0.09,0.093,0.094,0.825,0.232,0.138,0.113,0.094,0.09,0.087,0.091,0.089,0.09,0.725
17:19:16,37,0.474,0.515,0.609,0.092,0.088,0.085,0.089,0.092,0.089,0.557,0.459,0.511,0.624,0.09,0.086,0.088,0.089,0.088,0.09,0.725,0.415,0.394,0.1,0.09,0.087,0.087,0.087,0.088,0.096,0.728,0.444,0.42,0.108,0.09,0.087,0.088,0.089,0.104,0.096,0.817,0.27,0.138,0.112,0.096,0.09,0.096,0.09,0.093,0.094,0.823,0.232,0.138,0.112,0.094,0.09,0.087,0.091,0.089,0.09,0.719
17:24:16,37,0.474,0.517,0.615,0.092,0.088,0.085,0.089,0.091,0.089,0.555,0.458,0.511,0.628,0.09,0.086,0.088,0.089,0.088,0.09,0.723,0.417,0.397,0.1,0.09,0.087,0.087,0.087,0.088,0.096,0.727,0.446,0.423,0.108,0.09,0.087,0.088,0.09,0.104,0.096,0.816,0.27,0.138,0.112,0.096,0.09,0.096,0.09,0.093,0.094,0.818,0.232,0.138,0.112,0.094,0.09,0.087,0.091,0.089,0.09,0.721
17:29:16,37,0.474,0.517,0.619,0.092,0.088,0.085,0.089,0.092,0.089,0.549,0.458,0.513,0.632,0.09,0.086,0.089,0.089,0.088,0.09,0.723,0.417,0.4,0.1,0.09,0.087,0.087,0.087,0.088,0.096,0.721,0.445,0.427,0.109,0.09,0.087,0.088,0.09,0.104,0.096,0.815,0.27,0.138,0.112,0.097,0.09,0.096,0.09,0.093,0.094,0.816,0.232,0.138,0.113,0.094,0.09,0.087,0.091,0.089,0.09,0.719
17:34:16,37,0.472,0.519,0.623,0.092,0.088,0.085,0.089,0.091,0.089,0.547,0.458,0.514,0.635,0.09,0.086,0.088,0.089,0.088,0.09,0.72,0.417,0.403,0.1,0.09,0.087,0.087,0.087,0.088,0.096,0.72,0.447,0.431,0.108,0.09,0.087,0.088,0.089,0.104,0.096,0.813,0.271,0.138,0.112,0.096,0.09,0.096,0.09,0.093,0.094,0.815,0.232,0.138,0.112,0.094,0.09,0.087,0.091,0.089,0.09,0.713
17:39:16,37,0.472,0.519,0.628,0.092,0.088,0.085,0.089,0.092,0.089,0.544,0.457,0.514,0.639,0.09,0.086,0.088,0.089,0.088,0.09,0.717,0.419,0.406,0.1,0.09,0.087,0.087,0.087,0.088,0.096,0.721,0.448,0.434,0.108,0.09,0.087,0.088,0.089,0.105,0.096,0.808,0.272,0.138,0.112,0.096,0.09,0.097,0.09,0.093,0.094,0.812,0.232,0.138,0.112,0.094,0.09,0.087,0.091,0.089,0.09,0.712
17:44:16,37,0.471,0.52,0.632,0.092,0.088,0.085,0.089,0.091,0.089,0.54,0.457,0.516,0.642,0.09,0.086,0.088,0.089,0.088,0.09,0.713,0.419,0.409,0.1,0.09,0.087,0.087,0.087,0.088,0.096,0.715,0.449,0.437,0.108,0.089,0.087,0.088,0.089,0.104,0.096,0.807,0.271,0.138,0.112,0.096,0.09,0.097,0.09,0.093,0.094,0.809,0.233,0.138,0.112,0.094,0.09,0.087,0.09,0.089,0.09,0.704
17:49:16,37,0.471,0.522,0.636,0.092,0.088,0.085,0.089,0.092,0.089,0.539,0.457,0.517,0.645,0.09,0.086,0.089,0.089,0.088,0.09,0.711,0.42,0.412,0.1,0.09,0.087,0.087,0.087,0.088,0.096,0.713,0.45,0.441,0.109,0.09,0.087,0.088,0.09,0.104,0.096,0.805,0.272,0.138,0.112,0.096,0.09,0.096,0.09,0.093,0.094,0.809,0.233,0.138,0.113,0.094,0.09,0.087,0.091,0.089,0.09,0.703
17:54:16,37,0.47,0.522,0.64,0.092,0.088,0.085,0.089,0.092,0.089,0.533,0.457,0.518,0.648,0.09,0.086,0.088,0.089,0.088,0.09,0.709,0.421,0.414,0.1,0.09,0.087,0.087,0.087,0.088,0.096,0.712,0.45,0.444,0.109,0.09,0.087,0.088,0.09,0.105,0.096,0.802,0.272,0.138,0.112,0.097,0.09,0.096,0.09,0.093,0.094,0.805,0.232,0.138,0.113,0.094,0.09,0.087,0.091,0.089,0.09,0.702
17:59:16,37,0.469,0.523,0.643,0.092,0.088,0.085,0.089,0.092,0.089,0.53,0.456,0.519,0.65,0.09,0.086,0.088,0.089,0.088,0.09,0.709,0.422,0.417,0.1,0.09,0.087,0.087,0.087,0.088,0.096,0.712,0.452,0.447,0.109,0.09,0.087,0.088,0.089,0.104,0.096,0.802,0.272,0.138,0.112,0.096,0.09,0.095,0.09,0.093,0.094,0.806,0.233,0.138,0.113,0.094,0.09,0.087,0.091,0.089,0.09,0.701
18:04:16,37,0.468,0.524,0.647,0.092,0.088,0.085,0.089,0.092,0.089,0.531,0.457,0.52,0.654,0.09,0.086,0.089,0.089,0.088,0.09,0.705,0.423,0.42,0.1,0.09,0.087,0.087,0.087,0.088,0.096,0.709,0.452,0.451,0.109,0.09,0.087,0.088,0.09,0.105,0.096,0.8,0.272,0.138,0.112,0.096,0.09,0.096,0.09,0.093,0.095,0.801,0.233,0.138,0.113,0.094,0.09,0.087,0.091,0.089,0.09,0.698
18:09:16,37,0.468,0.524,0.65,0.092,0.088,0.085,0.089,0.092,0.089,0.524,0.456,0.521,0.657,0.09,0.086,0.088,0.089,0.088,0.09,0.703,0.424,0.422,0.1,0.09,0.087,0.087,0.087,0.088,0.096,0.705,0.453,0.453,0.109,0.09,0.087,0.088,0.089,0.104,0.096,0.796,0.273,0.138,0.112,0.096,0.09,0.095,0.09,0.093,0.095,0.8,0.232,0.137,0.113,0.094,0.09,0.087,0.091,0.09,0.09,0.696
18:14:16,37,0.468,0.525,0.654,0.092,0.088,0.085,0.089,0.092,0.089,0.523,0.456,0.522,0.659,0.09,0.086,0.088,0.089,0.088,0.09,0.702,0.424,0.425,0.1,0.09,0.087,0.087,0.087,0.088,0.096,0.708,0.454,0.457,0.109,0.09,0.087,0.088,0.09,0.105,0.096,0.794,0.273,0.138,0.112,0.097,0.09,0.095,0.09,0.093,0.094,0.797,0.233,0.137,0.113,0.094,0.09,0.087,0.091,0.09,0.09,0.691
18:19:16,37,0.466,0.525,0.657,0.092,0.088,0.085,0.089,0.091,0.089,0.519,0.455,0.523,0.661,0.09,0.086,0.088,0.089,0.088,0.09,0.702,0.425,0.427,0.1,0.09,0.087,0.087,0.087,0.088,0.096,0.701,0.454,0.459,0.109,0.089,0.087,0.088,0.089,0.104,0.096,0.792,0.274,0.138,0.112,0.096,0.09,0.096,0.09,0.093,0.095,0.795,0.233,0.137,0.112,0.094,0.09,0.087,0.091,0.089,0.09,0.685
18:24:16,37,0.466,0.527,0.661,0.092,0.088,0.085,0.089,0.092,0.089,0.517,0.455,0.524,0.664,0.09,0.086,0.088,0.089,0.088,0.09,0.696,0.426,0.43,0.1,0.09,0.087,0.087,0.087,0.088,0.096,0.704,0.455,0.463,0.109,0.09,0.087,0.088,0.09,0.105,0.096,0.79,0.274,0.138,0.112,0.096,0.09,0.095,0.09,0.093,0.095,0.795,0.234,0.138,0.113,0.094,0.09,0.087,0.091,0.09,0.09,0.686
18:29:16,37,0.465,0.528,0.663,0.092,0.088,0.085,0.089,0.092,0.089,0.514,0.456,0.525,0.667,0.09,0.086,0.088,0.089,0.088,0.09,0.696,0.427,0.433,0.1,0.09,0.087,0.087,0.087,0.088,0.096,0.701,0.456,0.466,0.109,0.09,0.087,0.088,0.09,0.104,0.096,0.791,0.275,0.138,0.112,0.097,0.09,0.096,0.09,0.093,0.095,0.794,0.234,0.138,0.113,0.094,0.09,0.087,0.091,0.089,0.09,0.686
18:34:16,37,0.465,0.528,0.667,0.092,0.088,0.086,0.089,0.092,0.089,0.512,0.455,0.526,0.669,0.09,0.086,0.089,0.089,0.088,0.09,0.692,0.428,0.436,0.1,0.09,0.087,0.087,0.087,0.088,0.096,0.699,0.457,0.469,0.109,0.09,0.088,0.088,0.09,0.105,0.096,0.789,0.276,0.138,0.112,0.097,0.09,0.095,0.09,0.093,0.095,0.788,0.234,0.137,0.113,0.094,0.09,0.087,0.091,0.09,0.091,0.683
18:39:16,37,0.464,0.529,0.671,0.092,0.088,0.085,0.089,0.092,0.089,0.503,0.455,0.527,0.671,0.09,0.086,0.088,0.089,0.088,0.09,0.694,0.428,0.438,0.1,0.09,0.087,0.087,0.087,0.088,0.096,0.695,0.458,0.471,0.109,0.09,0.087,0.088,0.09,0.105,0.097,0.79,0.276,0.138,0.112,0.097,0.09,0.096,0.09,0.093,0.095,0.785,0.234,0.138,0.113,0.094,0.09,0.087,0.091,0.09,0.091,0.678
18:44:16,37,0.463,0.529,0.673,0.092,0.088,0.085,0.089,0.092,0.089,0.503,0.455,0.528,0.673,0.09,0.086,0.088,0.089,0.088,0.09,0.692,0.428,0.44,0.1,0.09,0.087,0.087,0.087,0.088,0.096,0.694,0.459,0.474,0.109,0.09,0.087,0.088,0.09,0.104,0.096,0.784,0.276,0.138,0.112,0.097,0.09,0.096,0.09,0.093,0.1,0.788,0.234,0.137,0.113,0.094,0.09,0.087,0.091,0.089,0.09,0.673
18:49:16,37,0.463,0.53,0.676,0.092,0.088,0.085,0.089,0.092,0.089,0.5,0.454,0.528,0.675,0.09,0.086,0.088,0.089,0.088,0.09,0.688,0.428,0.442,0.1,0.09,0.087,0.087,0.087,0.088,0.096,0.691,0.459,0.477,0.109,0.09,0.087,0.088,0.09,0.104,0.096,0.783,0.277,0.138,0.112,0.096,0.09,0.096,0.09,0.093,0.095,0.781,0.235,0.137,0.113,0.094,0.09,0.087,0.091,0.09,0.09,0.668
18:54:16,37,0.461,0.53,0.679,0.092,0.088,0.085,0.089,0.092,0.089,0.492,0.454,0.529,0.677,0.09,0.086,0.088,0.089,0.088,0.09,0.686,0.43,0.444,0.1,0.09,0.087,0.087,0.087,0.088,0.096,0.689,0.46,0.479,0.109,0.09,0.087,0.088,0.09,0.105,0.096,0.783,0.278,0.138,0.112,0.096,0.09,0.096,0.09,0.093,0.095,0.78,0.235,0.137,0.113,0.094,0.09,0.087,0.091,0.089,0.09,0.665
18:59:16,37,0.461,0.53,0.683,0.092,0.088,0.085,0.089,0.092,0.089,0.49,0.453,0.529,0.679,0.09,0.086,0.088,0.089,0.088,0.09,0.684,0.43,0.447,0.1,0.09,0.087,0.087,0.087,0.088,0.096,0.688,0.46,0.482,0.109,0.09,0.087,0.088,0.09,0.104,0.096,0.779,0.278,0.139,0.112,0.096,0.09,0.096,0.09,0.093,0.095,0.778,0.235,0.137,0.113,0.094,0.09,0.087,0.091,0.089,0.09,0.659
19:04:16,37,0.46,0.531,0.684,0.092,0.088,0.085,0.089,0.092,0.089,0.49,0.453,0.53,0.681,0.09,0.086,0.088,0.089,0.088,0.09,0.682,0.431,0.449,0.1,0.09,0.087,0.087,0.087,0.088,0.096,0.689,0.462,0.484,0.109,0.09,0.087,0.088,0.09,0.105,0.096,0.78,0.279,0.139,0.112,0.096,0.09,0.096,0.09,0.093,0.095,0.776,0.236,0.137,0.113,0.094,0.09,0.087,0.091,0.089,0.09,0.66
19:09:16,37,0.46,0.532,0.687,0.092,0.088,0.085,0.089,0.091,0.089,0.487,0.453,0.532,0.683,0.09,0.086,0.088,0.089,0.088,0.09,0.683,0.431,0.451,0.1,0.09,0.087,0.087,0.087,0.088,0.096,0.687,0.462,0.487,0.11,0.09,0.087,0.088,0.09,0.104,0.096,0.775,0.28,0.139,0.112,0.096,0.09,0.095,0.09,0.093,0.095,0.778,0.237,0.137,0.113,0.094,0.09,0.087,0.091,0.089,0.09,0.656
19:14:15,37,0.459,0.532,0.69,0.092,0.088,0.085,0.089,0.092,0.089,0.484,0.453,0.532,0.684,0.09,0.086,0.088,0.089,0.088,0.09,0.68,0.432,0.453,0.1,0.09,0.087,0.087,0.087,0.088,0.096,0.686,0.463,0.49,0.11,0.09,0.087,0.088,0.089,0.105,0.096,0.775,0.281,0.139,0.112,0.097,0.09,0.095,0.09,0.093,0.095,0.777,0.236,0.137,0.113,0.094,0.09,0.087,0.091,0.089,0.09,0.651
19:19:16,37,0.459,0.535,0.692,0.092,0.088,0.085,0.089,0.092,0.089,0.481,0.452,0.532,0.685,0.09,0.086,0.089,0.089,0.088,0.09,0.679,0.432,0.455,0.101,0.09,0.087,0.087,0.087,0.088,0.096,0.685,0.462,0.492,0.11,0.09,0.087,0.088,0.09,0.105,0.096,0.772,0.281,0.139,0.112,0.097,0.09,0.097,0.09,0.093,0.095,0.775,0.237,0.137,0.113,0.094,0.09,0.087,0.091,0.09,0.09,0.651
19:24:16,37,0.458,0.533,0.695,0.092,0.088,0.085,0.089,0.092,0.089,0.473,0.452,0.533,0.687,0.09,0.086,0.088,0.089,0.088,0.09,0.675,0.433,0.456,0.1,0.09,0.087,0.087,0.087,0.088,0.096,0.68,0.463,0.494,0.11,0.09,0.087,0.088,0.09,0.105,0.096,0.771,0.282,0.14,0.112,0.096,0.09,0.096,0.09,0.093,0.095,0.769,0.236,0.137,0.113,0.094,0.09,0.087,0.091,0.09,0.09,0.652
19:29:16,37.1,0.457,0.533,0.697,0.092,0.088,0.086,0.089,0.092,0.089,0.469,0.451,0.534,0.689,0.09,0.086,0.089,0.089,0.088,0.09,0.673,0.433,0.459,0.101,0.09,0.087,0.087,0.087,0.088,0.097,0.677,0.464,0.496,0.11,0.09,0.087,0.088,0.09,0.105,0.096,0.769,0.282,0.14,0.112,0.097,0.09,0.096,0.09,0.093,0.095,0.77,0.237,0.137,0.113,0.094,0.09,0.087,0.091,0.09,0.091,0.647
19:34:16,37,0.456,0.534,0.699,0.092,0.088,0.085,0.089,0.091,0.089,0.471,0.452,0.535,0.69,0.09,0.086,0.088,0.089,0.088,0.09,0.672,0.433,0.46,0.1,0.09,0.087,0.087,0.087,0.088,0.096,0.677,0.464,0.499,0.11,0.09,0.087,0.088,0.09,0.105,0.096,0.768,0.283,0.14,0.112,0.096,0.09,0.095,0.09,0.093,0.095,0.768,0.237,0.137,0.113,0.094,0.09,0.087,0.091,0.089,0.09,0.643
19:39:16,37,0.456,0.534,0.7,0.092,0.088,0.085,0.089,0.092,0.089,0.463,0.451,0.536,0.691,0.09,0.086,0.088,0.089,0.088,0.09,0.673,0.434,0.462,0.101,0.09,0.087,0.087,0.087,0.088,0.096,0.678,0.465,0.501,0.111,0.09,0.087,0.088,0.09,0.105,0.096,0.768,0.284,0.141,0.112,0.097,0.09,0.096,0.09,0.093,0.095,0.768,0.238,0.137,0.113,0.094,0.09,0.087,0.091,0.09,0.09,0.646
19:44:16,37,0.455,0.534,0.702,0.092,0.088,0.085,0.089,0.092,0.089,0.465,0.451,0.537,0.693,0.09,0.086,0.088,0.089,0.088,0.09,0.67,0.434,0.464,0.101,0.09,0.087,0.087,0.087,0.088,0.097,0.677,0.465,0.503,0.111,0.09,0.087,0.088,0.09,0.105,0.096,0.764,0.284,0.141,0.112,0.096,0.09,0.095,0.09,0.093,0.095,0.767,0.239,0.137,0.113,0.094,0.09,0.087,0.091,0.09,0.091,0.638
19:49:16,37,0.454,0.534,0.704,0.092,0.088,0.085,0.089,0.092,0.089,0.456,0.45,0.537,0.694,0.09,0.086,0.088,0.089,0.088,0.09,0.67,0.435,0.466,0.101,0.09,0.087,0.087,0.087,0.088,0.096,0.671,0.465,0.505,0.111,0.09,0.087,0.088,0.09,0.105,0.096,0.765,0.286,0.141,0.112,0.097,0.09,0.095,0.09,0.093,0.095,0.761,0.239,0.138,0.113,0.094,0.09,0.087,0.091,0.09,0.09,0.639
19:54:16,37,0.453,0.535,0.706,0.092,0.088,0.085,0.089,0.092,0.089,0.454,0.449,0.538,0.695,0.09,0.086,0.088,0.089,0.088,0.09,0.665,0.435,0.467,0.101,0.09,0.087,0.087,0.087,0.088,0.096,0.673,0.466,0.507,0.112,0.09,0.087,0.088,0.09,0.105,0.096,0.761,0.285,0.142,0.112,0.097,0.09,0.095,0.09,0.093,0.095,0.762,0.239,0.138,0.113,0.094,0.09,0.087,0.091,0.09,0.091,0.634
19:59:16,37,0.452,0.535,0.707,0.092,0.088,0.085,0.089,0.092,0.089,0.451,0.45,0.538,0.697,0.09,0.086,0.088,0.089,0.088,0.09,0.664,0.435,0.469,0.101,0.09,0.087,0.087,0.087,0.088,0.097,0.668,0.467,0.509,0.112,0.09,0.087,0.088,0.09,0.105,0.097,0.762,0.286,0.143,0.112,0.097,0.09,0.096,0.09,0.093,0.095,0.756,0.24,0.138,0.113,0.094,0.09,0.087,0.091,0.09,0.091,0.637
20:04:16,37,0.451,0.536,0.709,0.092,0.088,0.085,0.089,0.092,0.09,0.451,0.45,0.54,0.698,0.09,0.086,0.089,0.089,0.088,0.09,0.661,0.436,0.471,0.101,0.09,0.087,0.087,0.092,0.089,0.097,0.667,0.467,0.511,0.112,0.09,0.087,0.088,0.09,0.105,0.097,0.758,0.287,0.144,0.112,0.097,0.091,0.096,0.09,0.093,0.095,0.76,0.24,0.138,0.113,0.094,0.09,0.087,0.091,0.09,0.091,0.629
20:09:16,37,0.45,0.536,0.711,0.092,0.088,0.085,0.089,0.092,0.089,0.449,0.449,0.541,0.698,0.09,0.086,0.089,0.089,0.088,0.09,0.662,0.436,0.472,0.101,0.09,0.087,0.087,0.087,0.088,0.097,0.669,0.467,0.513,0.113,0.09,0.087,0.088,0.09,0.105,0.097,0.759,0.288,0.144,0.112,0.097,0.09,0.096,0.09,0.093,0.095,0.754,0.24,0.139,0.113,0.094,0.09,0.087,0.091,0.09,0.09,0.632
20:14:16,37,0.449,0.536,0.712,0.092,0.088,0.085,0.089,0.092,0.089,0.447,0.448,0.543,0.699,0.09,0.086,0.088,0.089,0.088,0.09,0.66,0.436,0.474,0.101,0.09,0.087,0.087,0.087,0.088,0.096,0.667,0.468,0.515,0.113,0.09,0.087,0.088,0.09,0.105,0.096,0.759,0.289,0.145,0.112,0.096,0.09,0.095,0.09,0.093,0.095,0.752,0.24,0.139,0.113,0.094,0.09,0.087,0.091,0.089,0.091,0.627
20:19:16,37,0.449,0.536,0.713,0.092,0.088,0.085,0.089,0.092,0.09,0.446,0.449,0.543,0.7,0.09,0.086,0.089,0.089,0.088,0.09,0.658,0.437,0.475,0.101,0.09,0.087,0.087,0.087,0.088,0.097,0.664,0.468,0.517,0.114,0.09,0.087,0.088,0.09,0.105,0.097,0.756,0.29,0.146,0.112,0.096,0.09,0.096,0.09,0.093,0.095,0.751,0.24,0.139,0.113,0.094,0.09,0.087,0.091,0.09,0.09,0.627
20:24:16,37,0.448,0.536,0.714,0.092,0.088,0.085,0.089,0.092,0.089,0.444,0.448,0.544,0.701,0.09,0.086,0.088,0.089,0.088,0.09,0.659,0.437,0.477,0.101,0.09,0.087,0.087,0.087,0.088,0.097,0.663,0.469,0.519,0.114,0.09,0.087,0.088,0.09,0.105,0.096,0.756,0.289,0.147,0.112,0.096,0.09,0.096,0.09,0.093,0.095,0.749,0.241,0.14,0.113,0.094,0.09,0.087,0.091,0.089,0.091,0.62
20:29:16,37,0.446,0.536,0.715,0.092,0.088,0.085,0.089,0.092,0.089,0.436,0.447,0.545,0.702,0.09,0.086,0.088,0.089,0.088,0.09,0.657,0.437,0.478,0.101,0.09,0.087,0.087,0.087,0.088,0.096,0.66,0.469,0.52,0.115,0.09,0.087,0.088,0.09,0.105,0.096,0.754,0.291,0.148,0.112,0.097,0.09,0.096,0.09,0.093,0.095,0.752,0.24,0.14,0.113,0.094,0.09,0.087,0.091,0.089,0.09,0.62
20:34:16,37,0.445,0.537,0.717,0.092,0.088,0.085,0.089,0.092,0.089,0.438,0.446,0.544,0.703,0.09,0.086,0.088,0.089,0.088,0.09,0.657,0.438,0.48,0.101,0.09,0.087,0.087,0.087,0.088,0.097,0.661,0.469,0.523,0.115,0.09,0.087,0.088,0.089,0.105,0.096,0.751,0.292,0.149,0.112,0.096,0.09,0.096,0.09,0.093,0.095,0.746,0.241,0.141,0.113,0.094,0.09,0.087,0.091,0.09,0.091,0.621
20:39:16,37,0.445,0.537,0.718,0.092,0.088,0.085,0.089,0.092,0.089,0.431,0.446,0.545,0.704,0.09,0.086,0.088,0.089,0.088,0.09,0.655,0.438,0.481,0.101,0.09,0.087,0.087,0.087,0.088,0.097,0.657,0.469,0.524,0.117,0.09,0.087,0.088,0.09,0.105,0.097,0.75,0.292,0.15,0.112,0.097,0.09,0.096,0.09,0.093,0.095,0.749,0.24,0.141,0.113,0.094,0.09,0.087,0.091,0.09,0.091,0.612
20:44:16,37,0.444,0.537,0.718,0.092,0.088,0.085,0.089,0.092,0.089,0.433,0.446,0.545,0.704,0.09,0.086,0.088,0.089,0.088,0.09,0.654,0.439,0.482,0.101,0.09,0.087,0.087,0.087,0.088,0.097,0.657,0.469,0.525,0.117,0.09,0.087,0.088,0.089,0.105,0.096,0.747,0.292,0.152,0.112,0.097,0.09,0.096,0.09,0.093,0.095,0.745,0.241,0.142,0.113,0.094,0.09,0.087,0.091,0.089,0.091,0.616
20:49:16,37,0.443,0.537,0.72,0.092,0.088,0.085,0.089,0.092,0.089,0.425,0.445,0.545,0.706,0.09,0.086,0.088,0.089,0.088,0.09,0.651,0.439,0.484,0.101,0.09,0.087,0.087,0.087,0.089,0.097,0.658,0.47,0.527,0.118,0.09,0.087,0.088,0.09,0.105,0.097,0.746,0.294,0.154,0.112,0.097,0.09,0.096,0.09,0.093,0.095,0.745,0.241,0.143,0.113,0.094,0.09,0.087,0.091,0.09,0.091,0.608
20:54:16,37,0.442,0.537,0.721,0.092,0.088,0.085,0.089,0.092,0.089,0.424,0.445,0.545,0.707,0.09,0.086,0.089,0.089,0.088,0.09,0.649,0.438,0.485,0.101,0.09,0.087,0.087,0.087,0.088,0.097,0.656,0.47,0.529,0.12,0.09,0.087,0.088,0.09,0.105,0.097,0.748,0.294,0.156,0.112,0.097,0.09,0.096,0.09,0.093,0.095,0.743,0.241,0.145,0.113,0.094,0.09,0.087,0.091,0.09,0.091,0.611
20:59:16,37,0.442,0.538,0.721,0.092,0.088,0.085,0.089,0.092,0.09,0.424,0.445,0.545,0.708,0.09,0.086,0.088,0.089,0.088,0.09,0.649,0.439,0.487,0.101,0.09,0.087,0.087,0.087,0.089,0.096,0.652,0.471,0.53,0.121,0.09,0.087,0.088,0.09,0.105,0.097,0.743,0.295,0.157,0.113,0.097,0.09,0.096,0.09,0.093,0.095,0.74,0.242,0.146,0.113,0.094,0.09,0.087,0.091,0.09,0.091,0.603
21:04:16,36.9,0.44,0.537,0.722,0.092,0.088,0.085,0.089,0.092,0.089,0.416,0.444,0.545,0.708,0.09,0.086,0.088,0.089,0.088,0.09,0.648,0.439,0.487,0.101,0.09,0.087,0.087,0.087,0.088,0.097,0.649,0.47,0.532,0.122,0.09,0.087,0.088,0.09,0.105,0.097,0.744,0.295,0.159,0.112,0.097,0.09,0.095,0.09,0.093,0.095,0.741,0.242,0.147,0.113,0.094,0.09,0.087,0.091,0.09,0.091,0.6
21:09:16,37,0.439,0.537,0.723,0.092,0.088,0.085,0.089,0.092,0.09,0.413,0.444,0.545,0.708,0.09,0.086,0.088,0.089,0.088,0.09,0.645,0.439,0.489,0.101,0.09,0.087,0.087,0.087,0.088,0.097,0.652,0.471,0.533,0.124,0.09,0.087,0.088,0.089,0.105,0.097,0.742,0.296,0.162,0.113,0.096,0.09,0.096,0.09,0.093,0.095,0.735,0.241,0.149,0.113,0.094,0.09,0.087,0.091,0.09,0.091,0.598
21:14:16,37,0.439,0.536,0.724,0.092,0.088,0.086,0.089,0.092,0.09,0.408,0.443,0.544,0.71,0.09,0.086,0.088,0.089,0.088,0.091,0.645,0.439,0.49,0.102,0.09,0.087,0.087,0.087,0.088,0.097,0.65,0.471,0.535,0.126,0.09,0.087,0.088,0.09,0.105,0.097,0.741,0.297,0.164,0.112,0.097,0.09,0.096,0.09,0.093,0.095,0.738,0.242,0.151,0.113,0.094,0.09,0.087,0.091,0.09,0.091,0.598
21:19:16,37,0.438,0.537,0.725,0.092,0.088,0.085,0.089,0.092,0.09,0.407,0.442,0.544,0.71,0.09,0.086,0.088,0.089,0.088,0.09,0.64,0.44,0.492,0.102,0.09,0.087,0.087,0.087,0.088,0.097,0.649,0.471,0.537,0.128,0.09,0.087,0.088,0.09,0.105,0.097,0.741,0.298,0.167,0.113,0.097,0.09,0.096,0.09,0.093,0.095,0.734,0.242,0.153,0.113,0.094,0.09,0.087,0.091,0.09,0.091,0.593
21:24:16,37,0.436,0.537,0.726,0.092,0.088,0.085,0.089,0.092,0.09,0.407,0.442,0.545,0.711,0.09,0.086,0.088,0.089,0.088,0.09,0.639,0.439,0.493,0.102,0.09,0.087,0.087,0.087,0.088,0.097,0.646,0.472,0.537,0.13,0.09,0.087,0.088,0.09,0.105,0.097,0.736,0.298,0.169,0.113,0.097,0.091,0.096,0.09,0.093,0.095,0.735,0.242,0.155,0.113,0.094,0.09,0.088,0.091,0.09,0.091,0.593
21:29:16,37,0.436,0.537,0.725,0.092,0.088,0.085,0.089,0.092,0.09,0.403,0.441,0.544,0.712,0.09,0.086,0.088,0.089,0.088,0.09,0.64,0.439,0.494,0.102,0.09,0.087,0.087,0.088,0.088,0.097,0.644,0.471,0.539,0.133,0.09,0.087,0.088,0.09,0.105,0.097,0.735,0.299,0.171,0.113,0.097,0.09,0.096,0.09,0.093,0.098,0.731,0.242,0.157,0.113,0.094,0.09,0.087,0.091,0.09,0.09,0.59
21:34:16,37,0.435,0.537,0.726,0.092,0.088,0.085,0.089,0.092,0.09,0.396,0.44,0.544,0.712,0.09,0.086,0.089,0.089,0.088,0.09,0.635,0.439,0.495,0.102,0.09,0.087,0.087,0.087,0.088,0.097,0.642,0.472,0.54,0.136,0.09,0.087,0.088,0.09,0.105,0.097,0.735,0.299,0.173,0.113,0.097,0.09,0.096,0.09,0.093,0.095,0.728,0.242,0.159,0.113,0.094,0.09,0.087,0.091,0.09,0.091,0.59
21:39:16,37,0.433,0.537,0.727,0.092,0.088,0.085,0.089,0.092,0.089,0.392,0.44,0.544,0.713,0.09,0.086,0.088,0.089,0.088,0.09,0.637,0.44,0.496,0.102,0.09,0.087,0.087,0.09,0.088,0.097,0.64,0.472,0.541,0.139,0.09,0.087,0.088,0.09,0.105,0.097,0.732,0.3,0.176,0.113,0.097,0.09,0.095,0.09,0.093,0.095,0.73,0.244,0.161,0.113,0.094,0.09,0.087,0.091,0.09,0.091,0.582
21:44:16,37,0.433,0.537,0.727,0.092,0.088,0.085,0.089,0.092,0.089,0.388,0.439,0.544,0.714,0.09,0.086,0.089,0.089,0.088,0.09,0.633,0.439,0.497,0.102,0.09,0.087,0.087,0.087,0.089,0.097,0.639,0.471,0.542,0.143,0.09,0.087,0.088,0.09,0.105,0.096,0.732,0.301,0.179,0.112,0.097,0.09,0.096,0.09,0.093,0.095,0.731,0.243,0.164,0.113,0.094,0.09,0.087,0.091,0.09,0.091,0.584
21:49:16,37,0.432,0.538,0.728,0.092,0.088,0.085,0.089,0.092,0.09,0.388,0.438,0.544,0.715,0.09,0.086,0.088,0.089,0.088,0.09,0.632,0.439,0.498,0.102,0.09,0.087,0.087,0.087,0.088,0.097,0.638,0.472,0.543,0.146,0.09,0.087,0.088,0.09,0.105,0.096,0.732,0.301,0.182,0.113,0.097,0.09,0.096,0.09,0.093,0.095,0.729,0.243,0.167,0.113,0.094,0.09,0.087,0.091,0.09,0.091,0.577
21:54:16,37,0.43,0.537,0.729,0.092,0.088,0.085,0.089,0.092,0.09,0.379,0.438,0.543,0.714,0.09,0.086,0.088,0.089,0.088,0.09,0.63,0.439,0.499,0.102,0.09,0.087,0.087,0.087,0.089,0.097,0.639,0.471,0.545,0.15,0.09,0.087,0.088,0.09,0.105,0.097,0.731,0.302,0.186,0.112,0.097,0.09,0.096,0.09,0.093,0.095,0.725,0.243,0.17,0.113,0.094,0.09,0.087,0.091,0.09,0.091,0.575
21:59:16,37,0.429,0.539,0.729,0.092,0.088,0.085,0.089,0.092,0.09,0.378,0.436,0.544,0.716,0.09,0.086,0.089,0.089,0.088,0.091,0.629,0.439,0.5,0.102,0.09,0.087,0.087,0.087,0.089,0.097,0.635,0.471,0.546,0.155,0.09,0.087,0.088,0.09,0.105,0.097,0.731,0.303,0.19,0.113,0.097,0.09,0.096,0.09,0.093,0.095,0.722,0.244,0.172,0.113,0.095,0.09,0.087,0.091,0.09,0.091,0.574
22:04:16,37,0.428,0.539,0.73,0.092,0.088,0.085,0.089,0.092,0.09,0.372,0.436,0.543,0.715,0.09,0.086,0.088,0.089,0.088,0.09,0.629,0.439,0.501,0.103,0.09,0.087,0.087,0.087,0.089,0.097,0.637,0.472,0.546,0.159,0.09,0.087,0.088,0.09,0.105,0.097,0.73,0.303,0.193,0.113,0.097,0.09,0.096,0.09,0.093,0.095,0.723,0.243,0.174,0.113,0.095,0.09,0.087,0.091,0.09,0.091,0.574
0:00:00,,,,,,,,,,,,,,,,,,,,,,,,,,,,,,,,,,,,,,,,,,,,,,,,,,,,,,,,,,,,,
0:00:00,,,,,,,,,,,,,,,,,,,,,,,,,,,,,,,,,,,,,,,,,,,,,,,,,,,,,,,,,,,,,
0:00:00,,,,,,,,,,,,,,,,,,,,,,,,,,,,,,,,,,,,,,,,,,,,,,,,,,,,,,,,,,,,,
0:00:00,,,,,,,,,,,,,,,,,,,,,,,,,,,,,,,,,,,,,,,,,,,,,,,,,,,,,,,,,,,,,
0:00:00,,,,,,,,,,,,,,,,,,,,,,,,,,,,,,,,,,,,,,,,,,,,,,,,,,,,,,,,,,,,,
0:00:00,,,,,,,,,,,,,,,,,,,,,,,,,,,,,,,,,,,,,,,,,,,,,,,,,,,,,,,,,,,,,
0:00:00,,,,,,,,,,,,,,,,,,,,,,,,,,,,,,,,,,,,,,,,,,,,,,,,,,,,,,,,,,,,,
0:00:00,,,,,,,,,,,,,,,,,,,,,,,,,,,,,,,,,,,,,,,,,,,,,,,,,,,,,,,,,,,,,
0:00:00,,,,,,,,,,,,,,,,,,,,,,,,,,,,,,,,,,,,,,,,,,,,,,,,,,,,,,,,,,,,,
0:00:00,,,,,,,,,,,,,,,,,,,,,,,,,,,,,,,,,,,,,,,,,,,,,,,,,,,,,,,,,,,,,
0:00:00,,,,,,,,,,,,,,,,,,,,,,,,,,,,,,,,,,,,,,,,,,,,,,,,,,,,,,,,,,,,,
0:00:00,,,,,,,,,,,,,,,,,,,,,,,,,,,,,,,,,,,,,,,,,,,,,,,,,,,,,,,,,,,,,
0:00:00,,,,,,,,,,,,,,,,,,,,,,,,,,,,,,,,,,,,,,,,,,,,,,,,,,,,,,,,,,,,,
0:00:00,,,,,,,,,,,,,,,,,,,,,,,,,,,,,,,,,,,,,,,,,,,,,,,,,,,,,,,,,,,,,
0:00:00,,,,,,,,,,,,,,,,,,,,,,,,,,,,,,,,,,,,,,,,,,,,,,,,,,,,,,,,,,,,,
0:00:00,,,,,,,,,,,,,,,,,,,,,,,,,,,,,,,,,,,,,,,,,,,,,,,,,,,,,,,,,,,,,
0:00:00,,,,,,,,,,,,,,,,,,,,,,,,,,,,,,,,,,,,,,,,,,,,,,,,,,,,,,,,,,,,,
0:00:00,,,,,,,,,,,,,,,,,,,,,,,,,,,,,,,,,,,,,,,,,,,,,,,,,,,,,,,,,,,,,
0:00:00,,,,,,,,,,,,,,,,,,,,,,,,,,,,,,,,,,,,,,,,,,,,,,,,,,,,,,,,,,,,,
0:00:00,,,,,,,,,,,,,,,,,,,,,,,,,,,,,,,,,,,,,,,,,,,,,,,,,,,,,,,,,,,,,
0:00:00,,,,,,,,,,,,,,,,,,,,,,,,,,,,,,,,,,,,,,,,,,,,,,,,,,,,,,,,,,,,,
0:00:00,,,,,,,,,,,,,,,,,,,,,,,,,,,,,,,,,,,,,,,,,,,,,,,,,,,,,,,,,,,,,
0:00:00,,,,,,,,,,,,,,,,,,,,,,,,,,,,,,,,,,,,,,,,,,,,,,,,,,,,,,,,,,,,,
0:00:00,,,,,,,,,,,,,,,,,,,,,,,,,,,,,,,,,,,,,,,,,,,,,,,,,,,,,,,,,,,,,
